Equal Opportunity,Equalized Odds,Statistical Parity,Accuracy Equality,Weighted,Calibration,auc,sen_var_exclusion
0.0,0.0,0.0,0.22994203321531348,0.0,0.04284864683271919,0.7950778473200079,
0.0,0.0,0.0,0.22994203321531348,0.0,0.04165103466739029,0.7940229773801902,
0.0,0.0,0.0,0.22994203321531348,0.0,0.05980942935714202,0.7934403228422983,
0.0,0.0,0.0,0.22994203321531348,0.0,0.043026235732265265,0.7950879505676749,
0.0,0.0,0.0,0.22994203321531348,0.0,0.04729840249378667,0.7948200616662475,
0.0,0.0,0.0,0.22994203321531348,0.0,0.04254142296273059,0.7940196466443477,
0.0,0.0,0.0,0.22994203321531348,0.0,0.054446843687902854,0.7941163903771268,
0.0,0.0,0.0,0.22994203321531348,0.0,0.04216827354513511,0.7946651912540947,
0.0,0.0,0.0,0.22994203321531348,0.0,0.05180199119309225,0.7936991256068716,
0.0,0.0,0.0,0.22994203321531348,0.0,0.058740299451845376,0.7934095436022944,
0.0,0.0,0.0,0.22994203321531348,0.0,0.03834792945111879,0.7948941750346786,
0.0,0.0,0.0,0.22994203321531348,0.0,0.04489772434538134,0.7948712837658118,
0.0,0.0,0.0,0.22994203321531348,0.0,0.04311838629882334,0.7940968466570127,
0.0,0.0,0.0,0.22994203321531348,0.0,0.05076077212639908,0.7934317551425335,
0.0,0.0,0.0,0.22994203321531348,0.0,0.04687768301553643,0.7943068950263671,
0.0,0.0,0.0,0.22994203321531348,0.0,0.045373487314142764,0.7939663817527877,
0.0,0.0,0.0,0.22994203321531348,0.0,0.04306486517730434,0.7950963675600727,
0.0,0.0,0.0,0.22994203321531348,0.0,0.06596916080492433,0.7936953006932363,
0.0,0.0,0.0,0.22994203321531348,0.0,0.05078340813031301,0.794646625445892,
0.0,0.0,0.0,0.22994203321531348,0.0,0.06426728239809806,0.7942375581635507,
0.0,0.0,0.0,0.22994203321531348,0.0,0.040962992167201784,0.7942929130543858,
0.0,0.0,0.0,0.22994203321531348,0.0,0.060620773079647944,0.7935683702935779,
0.0,0.0,0.0,0.22994203321531348,0.0,0.04182543184441796,0.7951230691776305,
0.0,0.0,0.0,0.22994203321531348,0.0,0.04675125181258605,0.7934114676267688,
0.0,0.0,0.0,0.22994203321531348,0.0,0.04339514918059992,0.79483721893661,
0.0,0.0,0.0,0.22994203321531348,0.0,0.040707022721474063,0.7941734658983732,
0.0,0.0,0.0,0.22994203321531348,0.0,0.051800267130288666,0.7944213757704957,
0.0,0.0,0.0,0.22994203321531348,0.0,0.03930462919129576,0.7948008946208857,
0.0,0.0,0.0,0.22994203321531348,0.0,0.04000045492168411,0.794198130437515,
0.0,0.0,0.0,0.22994203321531348,0.0,0.05863605859664352,0.7943916621130656,
0.0,0.0,0.0,0.22994203321531348,0.0,0.05713112412712932,0.7936067962698994,
0.0,0.0,0.0,0.22994203321531348,0.0,0.04795328329474883,0.7947111171464744,
0.0,0.0,0.0,0.22994203321531348,0.0,0.041582693816866786,0.7951598110529831,
0.0,0.0,0.0,0.22994203321531348,0.0,0.05804482795879078,0.7939225671216922,
0.0,0.0,0.0,0.22994203321531348,0.0,0.046895885697236614,0.7949072151090324,
0.0,0.0,0.0,0.22994203321531348,0.0,0.04346260061710735,0.794300939650074,
0.0,0.0,0.0,0.22994203321531348,0.0,0.03972235146593758,0.7951038903772814,
0.0,0.0,0.0,0.22994203321531348,0.0,0.03978975677262535,0.7948444801468105,
0.0,0.0,0.0,0.22994203321531348,0.0,0.04126753504642054,0.795440301581788,
0.0,0.0,0.0,0.22994203321531348,0.0,0.047071644243159225,0.7948687333082295,
0.0,0.0,0.0,0.22994203321531348,0.0,0.05047303781617331,0.794499299955944,
0.0,0.0,0.0,0.22994203321531348,0.0,0.03843164219504154,0.7950006541917376,
0.0,0.0,0.0,0.22994203321531348,0.0,0.041003051561495446,0.7947579758977861,
0.0,0.0,0.0,0.22994203321531348,0.0,0.05453402334330341,0.7945720794845617,
0.0,0.0,0.0,0.22994203321531348,0.0,0.04031753709321649,0.7945288597682216,
0.0,0.0,0.0,0.22994203321531348,0.0,0.04924400686982121,0.7939050438075819,
0.0,0.0,0.0,0.22994203321531348,0.0,0.04382077905755133,0.7949794658973849,
0.0,0.0,0.0,0.22994203321531348,0.0,0.04787698451122709,0.7947657673000631,
0.0,0.0,0.0,0.22994203321531348,0.0,0.054417798894656096,0.7941982850788221,
0.0,0.0,0.0,0.22994203321531348,0.0,0.04010787158254286,0.7949460099858915,
0.0,0.0,0.0,0.22994203321531348,0.0,0.04781750583119907,0.7944200601954035,
0.0,0.0,0.0,0.22994203321531348,0.0,0.045500707296135326,0.794364422622882,
0.0,0.0,0.0,0.22994203321531348,0.0,0.04209778720551932,0.7948185410579506,
0.0,0.0,0.0,0.22994203321531348,0.0,0.038557070567743046,0.7938699885153269,
0.0,0.0,0.0,0.22994203321531348,0.0,0.038442157024043785,0.794972923146388,
0.0,0.0,0.0,0.22994203321531348,0.0,0.05147729203906639,0.7940256620132252,
0.0,0.0,0.0,0.22994203321531348,0.0,0.04646639546097917,0.7943804024743774,
0.0,0.0,0.0,0.22994203321531348,0.0,0.04458047037565486,0.7934601494782618,
0.0,0.0,0.0,0.22994203321531348,0.0,0.057615947530957515,0.7945782473872784,
0.0,0.0,0.0,0.22994203321531348,0.0,0.04824236073568974,0.7946389376373676,
0.0,0.0,0.0,0.22994203321531348,0.0,0.03832258065113143,0.7950006976524078,
0.0,0.0,0.0,0.22994203321531348,0.0,0.05330102350775677,0.7936175486644943,
0.0,0.0,0.0,0.22994203321531348,0.0,0.04697622037255637,0.7949308105999869,
0.0,0.0,0.0,0.22994203321531348,0.0,0.04412721253180724,0.7950225958824275,
0.0,0.0,0.0,0.22994203321531348,0.0,0.03865364269874061,0.7953090678732939,
0.0,0.0,0.0,0.22994203321531348,0.0,0.05238191748806742,0.7939925835726386,
0.0,0.0,0.0,0.22994203321531348,0.0,0.04711904075383783,0.7948530263504032,
0.0,0.0,0.0,0.22994203321531348,0.0,0.058791248879734186,0.7936242452606438,
0.0,0.0,0.0,0.22994203321531348,0.0,0.046778813480715976,0.7943401551306816,
0.0,0.0,0.0,0.22994203321531348,0.0,0.04223212668683893,0.7937242955168019,
0.0,0.0,0.0,0.22994203321531348,0.0,0.05813790026454853,0.794197906156104,
0.0,0.0,0.0,0.22994203321531348,0.0,0.048438482945712784,0.7942092193713081,
0.0,0.0,0.0,0.22994203321531348,0.0,0.04134491142609757,0.7946368235192938,
0.0,0.0,0.0,0.22994203321531348,0.0,0.04965584585020125,0.7945691989975153,
0.0,0.0,0.0,0.22994203321531348,0.0,0.045501023047123786,0.793638590560081,
0.0,0.0,0.0,0.22994203321531348,0.0,0.054046134870375614,0.7933935464695627,
0.0,0.0,0.0,0.22994203321531348,0.0,0.04374989210578456,0.7945616619900231,
0.0,0.0,0.0,0.22994203321531348,0.0,0.04037831560415077,0.7949058143454067,
0.0,0.0,0.0,0.22994203321531348,0.0,0.041665870704397014,0.7950416846236508,
0.0,0.0,0.0,0.22994203321531348,0.0,0.04197480400022036,0.7949537498254553,
0.0,0.0,0.0,0.22994203321531348,0.0,0.05148070916112171,0.7940248474066554,
0.0,0.0,0.0,0.22994203321531348,0.0,0.05440814621368554,0.7934644632307712,
0.0,0.0,0.0,0.22994203321531348,0.0,0.043745264493531985,0.7935034662317878,
0.0,0.0,0.0,0.22994203321531348,0.0,0.051431056296803127,0.7950188838354033,
0.0,0.0,0.0,0.22994203321531348,0.0,0.0452484699502867,0.7935359048919703,
0.0,0.0,0.0,0.22994203321531348,0.0,0.05076167180464403,0.7934291105045548,
0.0,0.0,0.0,0.22994203321531348,0.0,0.05237503967953257,0.7940110740271578,
0.0,0.0,0.0,0.22994203321531348,0.0,0.04223740733732308,0.7937557718135024,
0.0,0.0,0.0,0.22994203321531348,0.0,0.043440059442406136,0.7941546297254627,
0.0,0.0,0.0,0.22994203321531348,0.0,0.049770078471605535,0.794497043981868,
0.0,0.0,0.0,0.22994203321531348,0.0,0.04318098510088119,0.7943201472056508,
0.0,0.0,0.0,0.22994203321531348,0.0,0.04037561795249689,0.7944518818826671,
0.0,0.0,0.0,0.22994203321531348,0.0,0.050663585300071756,0.7937970544859,
0.0,0.0,0.0,0.22994203321531348,0.0,0.0432991973939182,0.7950389678634393,
0.0,0.0,0.0,0.22994203321531348,0.0,0.04858109929014143,0.7946197809420146,
0.0,0.0,0.0,0.22994203321531348,0.0,0.05039495141517494,0.7938222988128613,
0.0,0.0,0.0,0.22994203321531348,0.0,0.04374136633654251,0.7942350088767837,
0.0,0.0,0.0,0.22994203321531348,0.0,0.06450867880178117,0.7938882476635424,
0.0,0.0,0.0,0.22994203321531348,0.0,0.04513712837450647,0.794585594722665,
0.0,0.0,0.0,0.22994203321531348,0.0,0.05364928309962803,0.7936516771860578,
0.0,0.0,0.0,0.22994203321531348,0.0,0.043510003536000375,0.7941400568194985,
0.0,0.0,0.0,0.22994203321531348,0.0,0.05243740927190377,0.7939601261794087,
0.0,0.0,0.0,0.22994203321531348,0.0,0.05144327178892093,0.7933369962698003,
0.0,0.0,0.0,0.22994203321531348,0.0,0.04556060143533453,0.7946619188716949,
0.0,0.0,0.0,0.22994203321531348,0.0,0.05839404822165436,0.7934402037937812,
0.0,0.0,0.0,0.22994203321531348,0.0,0.06300325256198674,0.793408382574844,
0.0,0.0,0.0,0.22994203321531348,0.0,0.04781245872593542,0.7942669927454059,
0.0,0.0,0.0,0.22994203321531348,0.0,0.05350746376607226,0.7936641991979834,
0.0,0.0,0.0,0.22994203321531348,0.0,0.05321079691177066,0.7945983741266629,
0.0,0.0,0.0,0.22994203321531348,0.0,0.04205940349374301,0.7947983444911317,
0.0,0.0,0.0,0.22994203321531348,0.0,0.04003937834433331,0.7948284418013742,
0.0,0.0,0.0,0.22994203321531348,0.0,0.05484557501537225,0.7934555726669331,
0.0,0.0,0.0,0.22994203321531348,0.0,0.05188904618900988,0.7938190777590117,
0.0,0.0,0.0,0.22994203321531348,0.0,0.039934258220251206,0.7949752593447398,
0.0,0.0,0.0,0.22994203321531348,0.0,0.04841073863712723,0.7948967451151282,
0.0,0.0,0.0,0.22994203321531348,0.0,0.0467311517666637,0.793510252887063,
0.0,0.0,0.0,0.22994203321531348,0.0,0.04971463447504181,0.7945987396084193,
0.0,0.0,0.0,0.22994203321531348,0.0,0.04133034200902327,0.7949438025304085,
0.0,0.0,0.0,0.22994203321531348,0.0,0.0549441491546713,0.7937218030380014,
0.0,0.0,0.0,0.22994203321531348,0.0,0.0446658350318354,0.7947908521619577,
0.0,0.0,0.0,0.22994203321531348,0.0,0.042107763125649636,0.7937914381309338,
0.0,0.0,0.0,0.22994203321531348,0.0,0.04308764218349554,0.7945974971390449,
0.0,0.0,0.0,0.22994203321531348,0.0,0.05847043117708193,0.7941803942223201,
0.0,0.0,0.0,0.22994203321531348,0.0,0.04272099152182897,0.7952014195867416,
0.0,0.0,0.0,0.22994203321531348,0.0,0.048618599605063303,0.7941909381649291,
0.0,0.0,0.0,0.22994203321531348,0.0,0.044472394971885515,0.7939010021057545,
0.0,0.0,0.0,0.22994203321531348,0.0,0.05035426418499971,0.793809478664485,
0.0,0.0,0.0,0.22994203321531348,0.0,0.04304938790111939,0.7950126577197415,
0.0,0.0,0.0,0.22994203321531348,0.0,0.043307062972374126,0.7950587883174974,
0.0,0.0,0.0,0.22994203321531348,0.0,0.053405784778608544,0.7935112564164168,
0.0,0.0,0.0,0.22994203321531348,0.0,0.042283437015314236,0.7948749890221063,
0.0,0.0,0.0,0.22994203321531348,0.0,0.056810438297416735,0.7934275185233469,
0.0,0.0,0.0,0.22994203321531348,0.0,0.06214400912080764,0.793358677945791,
0.0,0.0,0.0,0.22994203321531348,0.0,0.0503843179957059,0.7937769022695711,
0.0,0.0,0.0,0.22994203321531348,0.0,0.04457392349686746,0.7934590334569579,
0.0,0.0,0.0,0.22994203321531348,0.0,0.0466796338780484,0.7938054829991219,
0.0,0.0,0.0,0.22994203321531348,0.0,0.047992170188358114,0.7950349156242729,
0.0,0.0,0.0,0.22994203321531348,0.0,0.05947777922904261,0.793462554520563,
0.0,0.0,0.0,0.22994203321531348,0.0,0.04173767501324101,0.7950858354192836,
0.0,0.0,0.0,0.22994203321531348,0.0,0.04982001117478741,0.7945919269610408,
0.0,0.0,0.0,0.22994203321531348,0.0,0.056667803055418346,0.7935371380884861,
0.0,0.0,0.0,0.22994203321531348,0.0,0.050485242680755396,0.7939268258927072,
0.0,0.0,0.0,0.22994203321531348,0.0,0.037780591575604365,0.7948176652879807,
0.0,0.0,0.0,0.22994203321531348,0.0,0.04325377137503398,0.7945026268515121,
0.0,0.0,0.0,0.22994203321531348,0.0,0.04337688799263633,0.7949311890543787,
0.0,0.0,0.0,0.22994203321531348,0.0,0.07420447894179125,0.7936827049199363,
0.0,0.0,0.0,0.22994203321531348,0.0,0.04321178167006282,0.7941311367979432,
0.0,0.0,0.0,0.22994203321531348,0.0,0.04210901716128993,0.7951215270263289,
0.0,0.0,0.0,0.22994203321531348,0.0,0.04367790381661907,0.7949141252150905,
0.0,0.0,0.0,0.22994203321531348,0.0,0.05482531444767044,0.7937587464341125,
0.0,0.0,0.0,0.22994203321531348,0.0,0.042024062870370416,0.7940923223918822,
0.0,0.0,0.0,0.22994203321531348,0.0,0.04539286610861572,0.7937428830553398,
0.0,0.0,0.0,0.22994203321531348,0.0,0.06210209253556964,0.7942140959113966,
0.0,0.0,0.0,0.22994203321531348,0.0,0.038840344012221785,0.7954263988037649,
0.0,0.0,0.0,0.22994203321531348,0.0,0.06071070329289819,0.7935445288377101,
0.0,0.0,0.0,0.22994203321531348,0.0,0.04132565099476116,0.7952300300081727,
0.0,0.0,0.0,0.22994203321531348,0.0,0.046958419346082914,0.7947190954577327,
0.0,0.0,0.0,0.22994203321531348,0.0,0.046824222559871426,0.7943277184477873,
0.0,0.0,0.0,0.22994203321531348,0.0,0.04219826094135063,0.7951162736709902,
0.0,0.0,0.0,0.22994203321531348,0.0,0.04575225928471959,0.7945375696049842,
0.0,0.0,0.0,0.22994203321531348,0.0,0.0417595390014391,0.7951000348351134,
0.0,0.0,0.0,0.22994203321531348,0.0,0.040636454959274565,0.7945113783693052,
0.0,0.0,0.0,0.22994203321531348,0.0,0.047548187522045704,0.7944058301978736,
0.0,0.0,0.0,0.22994203321531348,0.0,0.049217511958774544,0.7947989834285487,
0.0,0.0,0.0,0.22994203321531348,0.0,0.04424931706819914,0.7950392380408169,
0.0,0.0,0.0,0.22994203321531348,0.0,0.047709552439748816,0.793733629491874,
0.0,0.0,0.0,0.22994203321531348,0.0,0.05476131474342061,0.7933726407632314,
0.0,0.0,0.0,0.22994203321531348,0.0,0.04642046856630277,0.7943823906595394,
0.0,0.0,0.0,0.22994203321531348,0.0,0.05472331611043166,0.7945389333708411,
0.0,0.0,0.0,0.22994203321531348,0.0,0.049405730542065526,0.7940674314638616,
0.0,0.0,0.0,0.22994203321531348,0.0,0.062088552260406445,0.7944474819113064,
0.0,0.0,0.0,0.22994203321531348,0.0,0.0417048818828248,0.795406854193831,
0.0,0.0,0.0,0.22994203321531348,0.0,0.048952447507466634,0.7945173380073666,
0.0,0.0,0.0,0.22994203321531348,0.0,0.04204524750899687,0.7940677011260802,
0.0,0.0,0.0,0.22994203321531348,0.0,0.04893737120191635,0.7949560601253688,
0.0,0.0,0.0,0.22994203321531348,0.0,0.04666531032394687,0.7943410655567893,
0.0,0.0,0.0,0.22994203321531348,0.0,0.06307679273190742,0.7934365529569898,
0.0,0.0,0.0,0.22994203321531348,0.0,0.04260299950606521,0.7943696535922288,
0.0,0.0,0.0,0.22994203321531348,0.0,0.04379153557251814,0.795194180013211,
0.0,0.0,0.0,0.22994203321531348,0.0,0.03846456722210376,0.7943187030281877,
0.0,0.0,0.0,0.22994203321531348,0.0,0.04192331207456227,0.7951029825269676,
0.0,0.0,0.0,0.22994203321531348,0.0,0.038411517077795145,0.7937800595842266,
0.0,0.0,0.0,0.22994203321531348,0.0,0.043771952859650694,0.7944884996984128,
0.0,0.0,0.0,0.22994203321531348,0.0,0.03842371236026184,0.7948037678020435,
0.0,0.0,0.0,0.22994203321531348,0.0,0.04631350738981815,0.7937918166321581,
0.0,0.0,0.0,0.22994203321531348,0.0,0.04441978606032929,0.7943881895680533,
0.0,0.0,0.0,0.22994203321531348,0.0,0.040788966218376,0.7945455954981832,
0.0,0.0,0.0,0.22994203321531348,0.0,0.04207894508656173,0.7948008043275968,
0.0,0.0,0.0,0.22994203321531348,0.0,0.039398114590162014,0.7946610880610391,
0.0,0.0,0.0,0.22994203321531348,0.0,0.04832568476296372,0.7946314473688288,
0.0,0.0,0.0,0.22994203321531348,0.0,0.052101175878748615,0.793951827579871,
0.0,0.0,0.0,0.22994203321531348,0.0,0.04570019794630579,0.7947501764402988,
0.0,0.0,0.0,0.22994203321531348,0.0,0.04768565826241992,0.7936496664275735,
0.0,0.0,0.0,0.22994203321531348,0.0,0.05290496561455837,0.7937235169245158,
0.0,0.0,0.0,0.22994203321531348,0.0,0.057226550442193304,0.7940347074993659,
0.0,0.0,0.0,0.22994203321531348,0.0,0.044167893669965236,0.7947556683141644,
0.0,0.0,0.0,0.22994203321531348,0.0,0.03966946666853847,0.794459213294963,
0.0,0.0,0.0,0.22994203321531348,0.0,0.03951025602915411,0.79543826178708,
0.0,0.0,0.0,0.22994203321531348,0.0,0.047612790447113265,0.7947913131354236,
0.0,0.0,0.0,0.22994203321531348,0.0,0.04066511394564529,0.7942659496424893,
0.0,0.0,0.0,0.22994203321531348,0.0,0.04919735648456358,0.7942678508360623,gender
0.0,0.0,0.0,0.22994203321531348,0.0,0.05431112310301439,0.7935286207572028,gender
0.0,0.0,0.0,0.22994203321531348,0.0,0.04586390112285484,0.7942045929408198,gender
0.0,0.0,0.0,0.22994203321531348,0.0,0.04608084062844172,0.7947449340203765,gender
0.0,0.0,0.0,0.22994203321531348,0.0,0.048097910615067914,0.7940339529556296,gender
0.0,0.0,0.0,0.22994203321531348,0.0,0.046916392867507074,0.7939938541181679,gender
0.0,0.0,0.0,0.22994203321531348,0.0,0.04295049605102349,0.7947717070576779,gender
0.0,0.0,0.0,0.22994203321531348,0.0,0.048721562698594234,0.7942028192490513,gender
0.0,0.0,0.0,0.22994203321531348,0.0,0.05309816688413672,0.7937542017733765,gender
0.0,0.0,0.0,0.22994203321531348,0.0,0.05262812701506338,0.7934371564186982,gender
0.0,0.0,0.0,0.22994203321531348,0.0,0.04937857532657213,0.7935871485579555,gender
0.0,0.0,0.0,0.22994203321531348,0.0,0.05696622010159657,0.7940771354868705,gender
0.0006289308176100628,0.0006289308176100628,0.000547045951859948,0.22994203321531342,0.0005564789615639859,0.04742844038445265,0.79379180995851,gender
0.0,0.0,0.0,0.22994203321531348,0.0,0.04760814839103241,0.7942438789513513,gender
0.0,0.0,0.0,0.22994203321531348,0.0,0.042625340701852824,0.794569209417773,gender
0.0,0.0,0.0,0.22994203321531348,0.0,0.0498898780850869,0.7939647692823091,gender
0.0,0.0,0.0,0.22994203321531348,0.0,0.05777436631483307,0.794325571898125,gender
0.0,0.0,0.0,0.22994203321531348,0.0,0.05785468687968211,0.793212408226983,gender
0.0,0.0,0.0,0.22994203321531348,0.0,0.04306523178931175,0.7943113438675651,gender
0.0,0.0,0.0,0.22994203321531348,0.0,0.05793108925573273,0.7947148022413266,gender
0.0,0.0,0.0,0.22994203321531348,0.0,0.05352605063962585,0.794450850089828,gender
0.0,0.0,0.0,0.22994203321531348,0.0,0.06011281263357017,0.7933974053134303,gender
0.0,0.0,0.0,0.22994203321531348,0.0,0.04192487628722512,0.7946436430744837,gender
0.0,0.0,0.0,0.22994203321531348,0.0,0.04780451423898517,0.7945236665225492,gender
0.0,0.0,0.0,0.22994203321531348,0.0,0.047593694086095324,0.79463809579763,gender
0.0,0.0,0.0,0.22994203321531348,0.0,0.04575609871607835,0.7943084629590251,gender
0.0,0.0,0.0,0.22994203321531348,0.0,0.04559112511595603,0.7947326689321972,gender
0.0,0.0,0.0,0.22994203321531348,0.0,0.04712559361417452,0.7939407263993481,gender
0.0,0.0,0.0,0.22994203321531348,0.0,0.050039167408030404,0.7947473917493739,gender
0.0,0.0,0.0,0.22994203321531348,0.0,0.041562485389153095,0.7945186021368271,gender
0.0,0.0,0.0,0.22994203321531348,0.0,0.04682044527995595,0.793679617268801,gender
0.0,0.0,0.0,0.22994203321531348,0.0,0.05446201361758209,0.7940030332177698,gender
0.0,0.0,0.0,0.22994203321531348,0.0,0.04611385118313723,0.7943715689760851,gender
0.0,0.0,0.0,0.22994203321531348,0.0,0.05569397071828812,0.7935798419669473,gender
0.0,0.0,0.0,0.22994203321531348,0.0,0.04836629818051103,0.794587724459417,gender
0.0,0.0,0.0,0.22994203321531348,0.0,0.05307647152751042,0.7933911259490809,gender
0.0,0.0,0.0,0.22994203321531348,0.0,0.051096870042428945,0.7934544161588304,gender
0.0,0.0,0.0,0.22994203321531348,0.0,0.04598486591326428,0.7945117385355593,gender
0.0,0.0,0.0,0.22994203321531348,0.0,0.042282555731493456,0.7945148666734936,gender
0.0,0.0,0.0,0.22994203321531348,0.0,0.04252726817778742,0.79447319795982,gender
0.0,0.0,0.0,0.22994203321531348,0.0,0.06643123575557403,0.7933935161454421,gender
0.0,0.0,0.0,0.22994203321531348,0.0,0.04623802766043283,0.7940475527734422,gender
0.0,0.0,0.0,0.22994203321531348,0.0,0.05180415724884101,0.7944307851695003,gender
0.0,0.0,0.0,0.22994203321531348,0.0,0.0642037191755957,0.7931137385027593,gender
0.0,0.0,0.0,0.22994203321531348,0.0,0.04948106552109266,0.793066511225571,gender
0.0,0.0,0.0,0.22994203321531348,0.0,0.0503635459843651,0.7938180421727304,gender
0.0,0.0,0.0,0.22994203321531348,0.0,0.05715302505204966,0.7931626143349588,gender
0.0,0.0,0.0,0.22994203321531348,0.0,0.04520611883811062,0.7934349334616184,gender
0.0,0.0,0.0,0.22994203321531348,0.0,0.046433618933195586,0.7943445416844968,gender
0.0,0.0,0.0,0.22994203321531348,0.0,0.0537008751639629,0.7932705437108888,gender
0.0,0.0,0.0,0.22994203321531348,0.0,0.05750840878314963,0.7935783781197844,gender
0.0,0.0,0.0,0.22994203321531348,0.0,0.06224921706309923,0.7932138441150727,gender
0.0,0.0,0.0,0.22994203321531348,0.0,0.046818873215393096,0.7947568889361221,gender
0.0,0.0,0.0,0.22994203321531348,0.0,0.0572998289777747,0.7943836209290167,gender
0.0,0.0,0.0,0.22994203321531348,0.0,0.05153344146633758,0.794167426340448,gender
0.0,0.0,0.0,0.22994203321531348,0.0,0.044500700740338926,0.7944017585934192,gender
0.0,0.0,0.0,0.22994203321531348,0.0,0.06371345224520822,0.7935022359623105,gender
0.0,0.0,0.0,0.22994203321531348,0.0,0.04594242107549169,0.7940607015463039,gender
0.0,0.0,0.0,0.22994203321531348,0.0,0.04706110888796303,0.7943964178952467,gender
0.0,0.0,0.0,0.22994203321531348,0.0,0.05007399747899097,0.7941387106861226,gender
0.0,0.0,0.0,0.22994203321531348,0.0,0.04634451446179718,0.7934154839687332,gender
0.0,0.0,0.0,0.22994203321531348,0.0,0.05020637457170945,0.7946619078426131,gender
0.0,0.0,0.0,0.22994203321531348,0.0,0.046826806746976125,0.7939489703452198,gender
0.0,0.0,0.0,0.22994203321531348,0.0,0.041951537362070176,0.7946675958983187,gender
0.0,0.0,0.0,0.22994203321531348,0.0,0.0471195459646283,0.7940924807095497,gender
0.0,0.0,0.0,0.22994203321531348,0.0,0.04705871685102783,0.7947469926417972,gender
0.0,0.0,0.0,0.22994203321531348,0.0,0.05015817336953164,0.7943239862861533,gender
0.0,0.0,0.0,0.22994203321531348,0.0,0.07457748150536699,0.7930752627901968,gender
0.0,0.0,0.0,0.22994203321531348,0.0,0.05991509318017108,0.7937922088787561,gender
0.0,0.0,0.0,0.22994203321531348,0.0,0.04256831903287671,0.7947869497637547,gender
0.0,0.0,0.0,0.22994203321531348,0.0,0.052691358858091154,0.793631374051615,gender
0.0,0.0,0.0,0.22994203321531348,0.0,0.04775818854956393,0.793815423807851,gender
0.0,0.0,0.0,0.22994203321531348,0.0,0.046014049697854977,0.7932077234196355,gender
0.0,0.0,0.0,0.22994203321531348,0.0,0.04774736904603644,0.7942822100916198,gender
0.0,0.0,0.0,0.22994203321531348,0.0,0.05121288759459528,0.7931592361576734,gender
0.0,0.0,0.0,0.22994203321531348,0.0,0.05522639538344097,0.7932378336556809,gender
0.0006289308176100628,0.0006289308176100628,0.000547045951859948,0.22994203321531342,0.0005564789615639859,0.04697736002014497,0.7938380330038552,gender
0.0,0.0,0.0,0.22994203321531348,0.0,0.05035192609702796,0.7941773279736916,gender
0.0,0.0,0.0,0.22994203321531348,0.0,0.04654711574732598,0.7946116703520247,gender
0.0,0.0,0.0,0.22994203321531348,0.0,0.05075747121706283,0.7938680696190241,gender
0.0,0.0,0.0,0.22994203321531348,0.0,0.05716557499474772,0.7945485053726977,gender
0.0,0.0,0.0,0.22994203321531348,0.0,0.04873024731844582,0.7943332058023054,gender
0.0,0.0,0.0,0.22994203321531348,0.0,0.046769774366348285,0.7940784278798163,gender
0.0006289308176100628,0.0006289308176100628,0.000547045951859948,0.22994203321531342,0.0005564789615639859,0.050888385073148246,0.7933078860740785,gender
0.0,0.0,0.0,0.22994203321531348,0.0,0.04732217878448374,0.7939197185979079,gender
0.0,0.0,0.0,0.22994203321531348,0.0,0.045115921668020684,0.7944032105919296,gender
0.0,0.0,0.0,0.22994203321531348,0.0,0.045231496635478596,0.794459739436018,gender
0.0,0.0,0.0,0.22994203321531348,0.0,0.05369779702891483,0.7936497337026301,gender
0.0,0.0,0.0,0.22994203321531348,0.0,0.055373848434518376,0.7930964879418203,gender
0.0,0.0,0.0,0.22994203321531348,0.0,0.05748514304946875,0.794351585778677,gender
0.0,0.0,0.0,0.22994203321531348,0.0,0.05252191143070377,0.7932692670537027,gender
0.0,0.0,0.0,0.22994203321531348,0.0,0.050865893503979305,0.7937244989811139,gender
0.0,0.0,0.0,0.22994203321531348,0.0,0.04668760034447541,0.7938274297243183,gender
0.0,0.0,0.0,0.22994203321531348,0.0,0.05101341553741179,0.7942102551449197,gender
0.0,0.0,0.0,0.22994203321531348,0.0,0.04531517604664864,0.794466235635392,gender
0.0,0.0,0.0,0.22994203321531348,0.0,0.04939134648046858,0.7943100902520275,gender
0.0,0.0,0.0,0.22994203321531348,0.0,0.05780782276968101,0.7945595307546272,gender
0.0,0.0,0.0,0.22994203321531348,0.0,0.046294287750370575,0.7940097753820572,gender
0.0,0.0,0.0,0.22994203321531348,0.0,0.042479290044980834,0.7944731184380334,gender
0.0,0.0,0.0,0.22994203321531348,0.0,0.05928876481695125,0.7932572817904202,gender
0.0,0.0,0.0,0.22994203321531348,0.0,0.053745602528341554,0.7946170600839491,gender
0.0,0.0,0.0,0.22994203321531348,0.0,0.05588058112593155,0.7944309427144296,gender
0.0,0.0,0.0,0.22994203321531348,0.0,0.04641159504422365,0.7934509402887022,gender
0.0,0.0,0.0,0.22994203321531348,0.0,0.050127558927434715,0.7940497299282209,gender
0.0,0.0,0.0,0.22994203321531348,0.0,0.046598264837318853,0.7937424869216343,gender
0.0,0.0,0.0,0.22994203321531348,0.0,0.04227232482431455,0.7948437839096845,gender
0.0,0.0,0.0,0.22994203321531348,0.0,0.04874935345056491,0.7938886368191875,gender
0.0,0.0,0.0,0.22994203321531348,0.0,0.04460539981628707,0.7944368674153575,gender
0.0,0.0,0.0,0.22994203321531348,0.0,0.04695227283528894,0.7944306713194041,gender
0.0,0.0,0.0,0.22994203321531348,0.0,0.053751293415417796,0.7946252049788319,gender
0.0,0.0,0.0,0.22994203321531348,0.0,0.05638839604794313,0.7936737622079773,gender
0.0,0.0,0.0,0.22994203321531348,0.0,0.043998839089317024,0.7945075847164429,gender
0.0,0.0,0.0,0.22994203321531348,0.0,0.04716591904579468,0.7939393687217317,gender
0.0,0.0,0.0,0.22994203321531348,0.0,0.04342701669890258,0.7947979385694091,gender
0.0,0.0,0.0,0.22994203321531348,0.0,0.04328514606445059,0.7943568490156983,gender
0.0,0.0,0.0,0.22994203321531348,0.0,0.044150252207944156,0.794682742878523,gender
0.0,0.0,0.0,0.22994203321531348,0.0,0.04445722723738273,0.7944803737941566,gender
0.0,0.0,0.0,0.22994203321531348,0.0,0.05110110853955829,0.7939194946911579,gender
0.0,0.0,0.0,0.22994203321531348,0.0,0.04994894903416907,0.7932830770563082,gender
0.0,0.0,0.0,0.22994203321531348,0.0,0.043310108819856495,0.7945298960101597,gender
0.0,0.0,0.0,0.22994203321531348,0.0,0.04339091238914392,0.7947646760766308,gender
0.0,0.0,0.0,0.22994203321531348,0.0,0.054962173380781486,0.7934224077967487,gender
0.0,0.0,0.0,0.22994203321531348,0.0,0.05783759531192696,0.794556889020271,gender
0.0,0.0,0.0,0.22994203321531348,0.0,0.049636209519572184,0.794190874121323,gender
0.0,0.0,0.0,0.22994203321531348,0.0,0.05065536359838122,0.7932398424003627,gender
0.0,0.0,0.0,0.22994203321531348,0.0,0.05277255067803453,0.7943620508083236,gender
0.0,0.0,0.0,0.22994203321531348,0.0,0.04737068090409602,0.7943191766230444,gender
0.0,0.0,0.0,0.22994203321531348,0.0,0.04347377937658237,0.7945715295993692,gender
0.0,0.0,0.0,0.22994203321531348,0.0,0.048090961432139825,0.7947547883995079,gender
0.0,0.0,0.0,0.22994203321531348,0.0,0.04594427720588071,0.794580469337457,gender
0.0,0.0,0.0,0.22994203321531348,0.0,0.05295772579703664,0.7936343369172377,gender
0.0,0.0,0.0,0.22994203321531348,0.0,0.05520030647452463,0.7945080791283987,gender
0.0,0.0,0.0,0.22994203321531348,0.0,0.04506366717404845,0.7945226538140022,gender
0.0,0.0,0.0,0.22994203321531348,0.0,0.04677769522540341,0.7940998487917863,gender
0.0,0.0,0.0,0.22994203321531348,0.0,0.05160150728631751,0.7941990425730133,gender
0.0,0.0,0.0,0.22994203321531348,0.0,0.047168974325554065,0.7938580287992378,gender
0.0,0.0,0.0,0.22994203321531348,0.0,0.04515162291214811,0.794816986332091,gender
0.0,0.0,0.0,0.22994203321531348,0.0,0.045749236742424995,0.7945671474712364,gender
0.0,0.0,0.0,0.22994203321531348,0.0,0.05013466076336383,0.7944041359576428,gender
0.0,0.0,0.0,0.22994203321531348,0.0,0.05286783535021244,0.7946173531156443,gender
0.0,0.0,0.0,0.22994203321531348,0.0,0.049725259225536986,0.7942509904376699,gender
0.0,0.0,0.0,0.22994203321531348,0.0,0.04878161252358933,0.7936743593706983,gender
0.0,0.0,0.0,0.22994203321531348,0.0,0.04361671322615169,0.7947879191989622,gender
0.0006289308176100628,0.0006289308176100628,0.000547045951859948,0.22994203321531342,0.0005564789615639859,0.05116583453184315,0.793207233644109,gender
0.0,0.0,0.0,0.22994203321531348,0.0,0.04885356329495326,0.7938785889745084,gender
0.0,0.0,0.0,0.22994203321531348,0.0,0.04700597271647404,0.7946371582086034,gender
0.0,0.0,0.0,0.22994203321531348,0.0,0.044727428666252005,0.7947499005259255,gender
0.0,0.0,0.0,0.22994203321531348,0.0,0.05756816323114664,0.7934720270499376,gender
0.0,0.0,0.0,0.22994203321531348,0.0,0.045176963365189476,0.7946591427511394,gender
0.0,0.0,0.0,0.22994203321531348,0.0,0.043722513829546825,0.7944109089377933,gender
0.0,0.0,0.0,0.22994203321531348,0.0,0.05272432952820955,0.7946275107828142,gender
0.0,0.0,0.0,0.22994203321531348,0.0,0.04320354056165939,0.7943802334788728,gender
0.0,0.0,0.0,0.22994203321531348,0.0,0.0462507838108872,0.7946004576396204,gender
0.0,0.0,0.0,0.22994203321531348,0.0,0.04955715702664834,0.7939529452169002,gender
0.0,0.0,0.0,0.22994203321531348,0.0,0.04376249788044402,0.7945952854920427,gender
0.0,0.0,0.0,0.22994203321531348,0.0,0.04942680751335713,0.7943964471656334,gender
0.0,0.0,0.0,0.22994203321531348,0.0,0.04866467785846481,0.7938504671109556,gender
0.0,0.0,0.0,0.22994203321531348,0.0,0.04385613663211199,0.7947854842774501,gender
0.0,0.0,0.0,0.22994203321531348,0.0,0.05425179796230021,0.7931239167294488,gender
0.0,0.0,0.0,0.22994203321531348,0.0,0.04340652142936125,0.7942234450368207,gender
0.0,0.0,0.0,0.22994203321531348,0.0,0.052629677108896246,0.794077831841078,gender
0.0,0.0,0.0,0.22994203321531348,0.0,0.04576951403178359,0.794029705564941,gender
0.0,0.0,0.0,0.22994203321531348,0.0,0.048063153378744713,0.7943025489359343,gender
0.0,0.0,0.0,0.22994203321531348,0.0,0.04999122900422229,0.7939773817748541,gender
0.0,0.0,0.0,0.22994203321531348,0.0,0.046686715809649636,0.7947639420689978,gender
0.0,0.0,0.0,0.22994203321531348,0.0,0.050898198447764276,0.7939700313016822,gender
0.0,0.0,0.0,0.22994203321531348,0.0,0.05251618356767191,0.7943751700766355,gender
0.0,0.0,0.0,0.22994203321531348,0.0,0.04532308143082015,0.7943941875386133,gender
0.0,0.0,0.0,0.22994203321531348,0.0,0.05904083405557748,0.7930561289959943,gender
0.0,0.0,0.0,0.22994203321531348,0.0,0.05778616818307723,0.7947341755843738,gender
0.0,0.0,0.0,0.22994203321531348,0.0,0.05723340270452499,0.79314264364186,gender
0.0,0.0,0.0,0.22994203321531348,0.0,0.04299082314693278,0.7945904916583588,gender
0.0,0.0,0.0,0.22994203321531348,0.0,0.043545269819426996,0.794623789650262,gender
0.0,0.0,0.0,0.22994203321531348,0.0,0.04946896720559127,0.7944546445154286,gender
0.0,0.0,0.0,0.22994203321531348,0.0,0.04439902436054186,0.7942132034924306,gender
0.0,0.0,0.0,0.22994203321531348,0.0,0.05979818640185239,0.7940206804041567,gender
0.0,0.0,0.0,0.22994203321531348,0.0,0.04472230998764475,0.7944321020559058,gender
0.0,0.0,0.0,0.22994203321531348,0.0,0.04676622048833611,0.7945173291325853,gender
0.0,0.0,0.0,0.22994203321531348,0.0,0.04911567716540335,0.7947500907600227,gender
0.0,0.0,0.0,0.22994203321531348,0.0,0.05155628327627768,0.7940084336275313,gender
0.0,0.0,0.0,0.22994203321531348,0.0,0.056334643880008486,0.7943773364130793,gender
0.0,0.0,0.0,0.22994203321531348,0.0,0.04287510597762962,0.7944209751876916,gender
0.0006289308176100628,0.0006289308176100628,0.000547045951859948,0.22994203321531342,0.0005564789615639859,0.05104159558850633,0.7933368486299697,gender
0.0,0.0,0.0,0.22994203321531348,0.0,0.04350686091662798,0.7945782982240861,gender
0.0,0.0,0.0,0.22994203321531348,0.0,0.049883167570190796,0.7944501691435519,gender
0.0,0.0,0.0,0.22994203321531348,0.0,0.05316757821810886,0.7932503886377701,gender
0.0,0.0,0.0,0.22994203321531348,0.0,0.04553128113837825,0.7945481321167266,gender
0.0,0.0,0.0,0.22994203321531348,0.0,0.0428862961145749,0.7946787393452799,gender
0.0,0.0,0.0,0.22994203321531348,0.0,0.06150986070605323,0.7930596442055221,gender
0.0,0.0,0.0,0.22994203321531348,0.0,0.051533111987996844,0.7940188276589278,gender
0.0,0.0,0.0,0.22994203321531348,0.0,0.051149995726639357,0.7946013213736072,gender
0.0,0.0,0.0,0.22994203321531348,0.0,0.046835697629238816,0.7937147945600278,gender
0.0,0.0,0.0,0.22994203321531348,0.0,0.04766236121182643,0.7942318163674154,gender
0.0,0.0,0.0,0.22994203321531348,0.0,0.04388427483330477,0.7947522668376511,gender
0.0,0.0,0.0,0.22994203321531348,0.0,0.05169959440624628,0.79397203353663,gender
0.0,0.0,0.0,0.22994203321531348,0.0,0.043722580353638206,0.7946396848283828,gender
0.0,0.0,0.0,0.22994203321531348,0.0,0.04227230079572565,0.7942406353710119,gender
0.0,0.0,0.0,0.22994203321531348,0.0,0.053875139375586,0.7936542933263879,gender
0.0,0.0,0.0,0.22994203321531348,0.0,0.053395970254200106,0.7944551842145265,gender
0.0,0.0,0.0,0.22994203321531348,0.0,0.04479614096318845,0.7943225063285695,gender
0.0,0.0,0.0,0.22994203321531348,0.0,0.05192175307765342,0.791865033810099,race
0.0,0.0,0.0,0.22994203321531348,0.0,0.05270853043263096,0.7912898809679046,race
0.0,0.0,0.0,0.22994203321531348,0.0,0.04889726380479009,0.7925945918760446,race
0.0,0.0,0.0,0.22994203321531348,0.0,0.05363429178781246,0.7922484431397906,race
0.0,0.0,0.0,0.22994203321531348,0.0,0.048329404266322255,0.7919760535768725,race
0.0,0.0,0.0,0.22994203321531348,0.0,0.04991164173763041,0.7917262666533922,race
0.0,0.0,0.0,0.22994203321531348,0.0,0.04908845870663846,0.7923579451082242,race
0.0,0.0,0.0,0.22994203321531348,0.0,0.052710219181618556,0.7924726818862794,race
0.0,0.0,0.0,0.22994203321531348,0.0,0.04713316074846879,0.7918658226587286,race
0.0,0.0,0.0,0.22994203321531348,0.0,0.050222988048307174,0.7920846848332591,race
0.0,0.0,0.0,0.22994203321531348,0.0,0.05163911079189522,0.7921126468102515,race
0.0,0.0,0.0,0.22994203321531348,0.0,0.05665323799448013,0.7917221873918044,race
0.0,0.0,0.0,0.22994203321531348,0.0,0.061635683927666295,0.7917232458558201,race
0.0,0.0,0.0,0.22994203321531348,0.0,0.04505474887171922,0.7916952869229478,race
0.0,0.0,0.0,0.22994203321531348,0.0,0.055811031322478416,0.7921788417195111,race
0.0,0.0,0.0,0.22994203321531348,0.0,0.051321871979432505,0.7913767087366591,race
0.0,0.0,0.0,0.22994203321531348,0.0,0.058785133483211925,0.7911107152449762,race
0.0,0.0,0.0,0.22994203321531348,0.0,0.04460491803480725,0.7914050631709963,race
0.0,0.0,0.0,0.22994203321531348,0.0,0.050245739048188603,0.7924488941005926,race
0.0,0.0,0.0,0.22994203321531348,0.0,0.058907975113283606,0.7928609897673902,race
0.0,0.0,0.0,0.22994203321531348,0.0,0.0528509972767558,0.7921183383784033,race
0.0,0.0,0.0,0.22994203321531348,0.0,0.05256123358770345,0.7907920132800762,race
0.0,0.0,0.0,0.22994203321531348,0.0,0.0481919539730326,0.7924228957216373,race
0.0,0.0,0.0,0.22994203321531348,0.0,0.05022585858546668,0.7925465543008874,race
0.0,0.0,0.0,0.22994203321531348,0.0,0.04667958277328334,0.7925164350729792,race
0.0,0.0,0.0,0.22994203321531348,0.0,0.06359399788631621,0.7921123605692859,race
0.0,0.0,0.0,0.22994203321531348,0.0,0.04666065582464408,0.7921160896165507,race
0.0,0.0,0.0,0.22994203321531348,0.0,0.05043708906484139,0.7924582520539654,race
0.0,0.0,0.0,0.22994203321531348,0.0,0.05577502717454373,0.7914285721152714,race
0.0,0.0,0.0,0.22994203321531348,0.0,0.05367670037243168,0.7919752271684828,race
0.0,0.0,0.0,0.22994203321531348,0.0,0.049285413671082176,0.7918349453980541,race
0.0,0.0,0.0,0.22994203321531348,0.0,0.04546577321892776,0.7920253365718593,race
0.0,0.0,0.0,0.22994203321531348,0.0,0.058579432713329625,0.7913351643167554,race
0.0,0.0,0.0,0.22994203321531348,0.0,0.05218342406629323,0.7929601644877414,race
0.0,0.0,0.0,0.22994203321531348,0.0,0.0492341453492887,0.792072693622234,race
0.0,0.0,0.0,0.22994203321531348,0.0,0.0566467778211505,0.7927446743554235,race
0.0,0.0,0.0,0.22994203321531348,0.0,0.04954706471178945,0.7922684772442553,race
0.0,0.0,0.0,0.22994203321531348,0.0,0.04882090110551145,0.7922675293520525,race
0.0,0.0,0.0,0.22994203321531348,0.0,0.05309037536722264,0.7920796751012029,race
0.0,0.0,0.0,0.22994203321531348,0.0,0.05687056579900732,0.791581646449664,race
0.0,0.0,0.0,0.22994203321531348,0.0,0.04958521314313789,0.7921203999502792,race
0.0,0.0,0.0,0.22994203321531348,0.0,0.048758075316790744,0.7924525077522848,race
0.0,0.0,0.0,0.22994203321531348,0.0,0.04912838944611,0.7921341212987372,race
0.0,0.0,0.0,0.22994203321531348,0.0,0.05806035510389681,0.79128126301674,race
0.0,0.0,0.0,0.22994203321531348,0.0,0.05830886432379564,0.7927484291606286,race
0.0,0.0,0.0,0.22994203321531348,0.0,0.05653445021639417,0.7914070094877973,race
0.0,0.0,0.0,0.22994203321531348,0.0,0.057557140489506754,0.7909452242252175,race
0.0,0.0,0.0,0.22994203321531348,0.0,0.045565092107560726,0.7912459687844644,race
0.0,0.0,0.0,0.22994203321531348,0.0,0.053664971820400954,0.7913476687664491,race
0.0,0.0,0.0,0.22994203321531348,0.0,0.058068038020972275,0.7908672391573649,race
0.0,0.0,0.0,0.22994203321531348,0.0,0.05319725726288111,0.7909557270019547,race
0.0,0.0,0.0,0.22994203321531348,0.0,0.047165580453779415,0.792198207616172,race
0.0,0.0,0.0,0.22994203321531348,0.0,0.057828258296364586,0.7928846916152217,race
0.0,0.0,0.0,0.22994203321531348,0.0,0.052844121447581396,0.7909508986057983,race
0.0,0.0,0.0,0.22994203321531348,0.0,0.05542532678904855,0.7920073246998705,race
0.0,0.0,0.0,0.22994203321531348,0.0,0.047879010787046844,0.79185826335891,race
0.0,0.0,0.0,0.22994203321531348,0.0,0.04870142725548956,0.7919452625818815,race
0.0,0.0,0.0,0.22994203321531348,0.0,0.04706879388410286,0.7914587084839181,race
0.0,0.0,0.0,0.22994203321531348,0.0,0.0527682125869784,0.7917617321525545,race
0.0,0.0,0.0,0.22994203321531348,0.0,0.058308190774712915,0.7927490665057366,race
0.0,0.0,0.0,0.22994203321531348,0.0,0.05670241608389758,0.7915567978114981,race
0.0,0.0,0.0,0.22994203321531348,0.0,0.05215364262236659,0.7918013363907299,race
0.0,0.0,0.0,0.22994203321531348,0.0,0.047498552977130654,0.792462978729674,race
0.0,0.0,0.0,0.22994203321531348,0.0,0.0516416029898128,0.7929709995419084,race
0.0,0.0,0.0,0.22994203321531348,0.0,0.0532757181096734,0.7909349412339598,race
0.0,0.0,0.0,0.22994203321531348,0.0,0.04896257871322908,0.7923583150390795,race
0.0,0.0,0.0,0.22994203321531348,0.0,0.0526586574678933,0.7915009360043981,race
0.0,0.0,0.0,0.22994203321531348,0.0,0.05531261900295593,0.7916991431207724,race
0.0,0.0,0.0,0.22994203321531348,0.0,0.044523465877247544,0.7922101149968097,race
0.0,0.0,0.0,0.22994203321531348,0.0,0.04907661467714791,0.7921873308341417,race
0.0,0.0,0.0,0.22994203321531348,0.0,0.04640427680001824,0.7923717537526835,race
0.0,0.0,0.0,0.22994203321531348,0.0,0.0477173195879332,0.79216056351042,race
0.0,0.0,0.0,0.22994203321531348,0.0,0.045105362791465924,0.7914718555708056,race
0.0,0.0,0.0,0.22994203321531348,0.0,0.053649297797424327,0.79091376497559,race
0.0,0.0,0.0,0.22994203321531348,0.0,0.05250860790970863,0.7915650988931644,race
0.0,0.0,0.0,0.22994203321531348,0.0,0.04711015456021032,0.7915358390438099,race
0.0,0.0,0.0,0.22994203321531348,0.0,0.05579581453220286,0.791838115076521,race
0.0,0.0,0.0,0.22994203321531348,0.0,0.05835432220274709,0.7908368588376073,race
0.0,0.0,0.0,0.22994203321531348,0.0,0.046845337493558535,0.790761245888725,race
0.0,0.0,0.0,0.22994203321531348,0.0,0.05188962647095112,0.7923225906023682,race
0.0,0.0,0.0,0.22994203321531348,0.0,0.07000140849621814,0.7910765478991718,race
0.0,0.0,0.0,0.22994203321531348,0.0,0.05269325883122144,0.7920849358092626,race
0.0,0.0,0.0,0.22994203321531348,0.0,0.04605799674402529,0.7924716152265556,race
0.0,0.0,0.0,0.22994203321531348,0.0,0.04812121376361008,0.7927296834683374,race
0.0,0.0,0.0,0.22994203321531348,0.0,0.047037713931596496,0.7911460156591574,race
0.0,0.0,0.0,0.22994203321531348,0.0,0.04903176727065746,0.7924600123047723,race
0.0,0.0,0.0,0.22994203321531348,0.0,0.0457253008611782,0.791771894409321,race
0.0,0.0,0.0,0.22994203321531348,0.0,0.05028616470186918,0.7923657319677373,race
0.0,0.0,0.0,0.22994203321531348,0.0,0.0492030297252548,0.7921959754330663,race
0.0,0.0,0.0,0.22994203321531348,0.0,0.05609597689106026,0.7921783718010151,race
0.0,0.0,0.0,0.22994203321531348,0.0,0.048207259645078014,0.7919664157986028,race
0.0,0.0,0.0,0.22994203321531348,0.0,0.04636301493884016,0.790974208605109,race
0.0,0.0,0.0,0.22994203321531348,0.0,0.04867782804795765,0.792610300660343,race
0.0,0.0,0.0,0.22994203321531348,0.0,0.05699746844540477,0.7918179408956938,race
0.0,0.0,0.0,0.22994203321531348,0.0,0.051419972941420346,0.7927980049063148,race
0.0,0.0,0.0,0.22994203321531348,0.0,0.05589890737838395,0.7913157976707728,race
0.0,0.0,0.0,0.22994203321531348,0.0,0.04980028454377505,0.7923433930427755,race
0.0,0.0,0.0,0.22994203321531348,0.0,0.04813078428901935,0.7916972676148909,race
0.0,0.0,0.0,0.22994203321531348,0.0,0.048086327990515584,0.7910512297171708,race
0.0,0.0,0.0,0.22994203321531348,0.0,0.04829086609191081,0.7927002421425849,race
0.0,0.0,0.0,0.22994203321531348,0.0,0.044101507224705225,0.7910772329667184,race
0.0,0.0,0.0,0.22994203321531348,0.0,0.05221045419241362,0.7913776281546296,race
0.0,0.0,0.0,0.22994203321531348,0.0,0.05310352143887993,0.7911347864148388,race
0.0,0.0,0.0,0.22994203321531348,0.0,0.049741428526366795,0.7926032986218545,race
0.0,0.0,0.0,0.22994203321531348,0.0,0.05298208582730839,0.7921530309520265,race
0.0,0.0,0.0,0.22994203321531348,0.0,0.050383791600929,0.7929061384256296,race
0.0,0.0,0.0,0.22994203321531348,0.0,0.045082802485563574,0.7918307551899928,race
0.0,0.0,0.0,0.22994203321531348,0.0,0.05248004270075793,0.7915515279710776,race
0.0,0.0,0.0,0.22994203321531348,0.0,0.05175798907992949,0.7920516216132735,race
0.0,0.0,0.0,0.22994203321531348,0.0,0.05035923582714969,0.7921823291104636,race
0.0,0.0,0.0,0.22994203321531348,0.0,0.052843296192223346,0.7909493604352694,race
0.0,0.0,0.0,0.22994203321531348,0.0,0.046262889350098854,0.7914376494944256,race
0.0,0.0,0.0,0.22994203321531348,0.0,0.06323989924754303,0.7914863253981759,race
0.0,0.0,0.0,0.22994203321531348,0.0,0.04870839194786965,0.7919061079836782,race
0.0,0.0,0.0,0.22994203321531348,0.0,0.0551581150602855,0.7924238064755733,race
0.0,0.0,0.0,0.22994203321531348,0.0,0.046896372572526365,0.7922190289301245,race
0.0,0.0,0.0,0.22994203321531348,0.0,0.05331405504797027,0.7908929608492086,race
0.0,0.0,0.0,0.22994203321531348,0.0,0.05481538061667718,0.7914861753932982,race
0.0,0.0,0.0,0.22994203321531348,0.0,0.05081447799689403,0.7911780430821149,race
0.0,0.0,0.0,0.22994203321531348,0.0,0.05228356352212937,0.792200962872796,race
0.0,0.0,0.0,0.22994203321531348,0.0,0.05929122842234749,0.7915022653951129,race
0.0,0.0,0.0,0.22994203321531348,0.0,0.057935017462208305,0.7923112813211042,race
0.0,0.0,0.0,0.22994203321531348,0.0,0.05010174521713411,0.7919758904588614,race
0.0,0.0,0.0,0.22994203321531348,0.0,0.050323026040002716,0.792283343369245,race
0.0,0.0,0.0,0.22994203321531348,0.0,0.057231465145848495,0.7910309343335264,race
0.0,0.0,0.0,0.22994203321531348,0.0,0.053929132689494695,0.7920889680977337,race
0.0,0.0,0.0,0.22994203321531348,0.0,0.048928826866996636,0.7922674678608241,race
0.0,0.0,0.0,0.22994203321531348,0.0,0.048754528130885474,0.7917634447277554,race
0.0,0.0,0.0,0.22994203321531348,0.0,0.047645947462168256,0.7922874444080003,race
0.0,0.0,0.0,0.22994203321531348,0.0,0.04552761709273854,0.7910890181610537,race
0.0,0.0,0.0,0.22994203321531348,0.0,0.05006399552363118,0.7924377880728936,race
0.0,0.0,0.0,0.22994203321531348,0.0,0.054237309886122465,0.7914072026255169,race
0.0,0.0,0.0,0.22994203321531348,0.0,0.05417303480992951,0.7919381861263618,race
0.0,0.0,0.0,0.22994203321531348,0.0,0.05435394240458951,0.7919041963230151,race
0.0,0.0,0.0,0.22994203321531348,0.0,0.05582748143897373,0.791272786125423,race
0.0,0.0,0.0,0.22994203321531348,0.0,0.054414356733137124,0.7920639458042176,race
0.0,0.0,0.0,0.22994203321531348,0.0,0.051476225206918365,0.7912227214471974,race
0.0,0.0,0.0,0.22994203321531348,0.0,0.048287515465172834,0.7924633031392238,race
0.0,0.0,0.0,0.22994203321531348,0.0,0.05882758821931174,0.7914632998601913,race
0.0,0.0,0.0,0.22994203321531348,0.0,0.07001158382627978,0.7911241253438503,race
0.0,0.0,0.0,0.22994203321531348,0.0,0.0449122927116698,0.791855953855151,race
0.0,0.0,0.0,0.22994203321531348,0.0,0.049424061251364095,0.7922095753913769,race
0.0,0.0,0.0,0.22994203321531348,0.0,0.05040658062109832,0.7929060714549849,race
0.0,0.0,0.0,0.22994203321531348,0.0,0.046478310625075486,0.7919518362892395,race
0.0,0.0,0.0,0.22994203321531348,0.0,0.05187327039491485,0.7912825093263891,race
0.0,0.0,0.0,0.22994203321531348,0.0,0.05299955972616119,0.7921614929505708,race
0.0,0.0,0.0,0.22994203321531348,0.0,0.0570990718321933,0.7915058688841269,race
0.0,0.0,0.0,0.22994203321531348,0.0,0.05625789835642529,0.7919242820838579,race
0.0,0.0,0.0,0.22994203321531348,0.0,0.049305296478542704,0.7922055572931893,race
0.0,0.0,0.0,0.22994203321531348,0.0,0.052690482582111356,0.7909316866011227,race
0.0,0.0,0.0,0.22994203321531348,0.0,0.06019375207799344,0.7922519533850607,race
0.0,0.0,0.0,0.22994203321531348,0.0,0.05287227996995743,0.7910874913240185,race
0.0,0.0,0.0,0.22994203321531348,0.0,0.05244359359407026,0.7914675732429832,race
0.0,0.0,0.0,0.22994203321531348,0.0,0.046648151876107304,0.7923923388897399,race
0.0,0.0,0.0,0.22994203321531348,0.0,0.049059943179127215,0.792266034361198,race
0.0,0.0,0.0,0.22994203321531348,0.0,0.05190700633812251,0.7910688816804847,race
0.0,0.0,0.0,0.22994203321531348,0.0,0.05511765810648675,0.7914078989797246,race
0.0,0.0,0.0,0.22994203321531348,0.0,0.04585496770818991,0.7925641007971438,race
0.0,0.0,0.0,0.22994203321531348,0.0,0.0494300528875785,0.7928943353412339,race
0.0,0.0,0.0,0.22994203321531348,0.0,0.05157518171064037,0.79166128976688,race
0.0,0.0,0.0,0.22994203321531348,0.0,0.052120687269427646,0.7918972914622102,race
0.0,0.0,0.0,0.22994203321531348,0.0,0.051367132071987606,0.7917433605592213,race
0.0,0.0,0.0,0.22994203321531348,0.0,0.04790098533729774,0.7925923126261571,race
0.0,0.0,0.0,0.22994203321531348,0.0,0.0550770317022828,0.7919650229028571,race
0.0,0.0,0.0,0.22994203321531348,0.0,0.05652488182806776,0.7915639580037401,race
0.0,0.0,0.0,0.22994203321531348,0.0,0.04966663320721183,0.7920551177619255,race
0.0,0.0,0.0,0.22994203321531348,0.0,0.05260145772231724,0.7923002864740422,race
0.0,0.0,0.0,0.22994203321531348,0.0,0.04853977572800142,0.7919703054349172,race
0.0,0.0,0.0,0.22994203321531348,0.0,0.04819866940567089,0.7919958197987581,race
0.0,0.0,0.0,0.22994203321531348,0.0,0.05424115456545131,0.7914038636471334,race
0.0,0.0,0.0,0.22994203321531348,0.0,0.04804773452232437,0.7921835794477178,race
0.0,0.0,0.0,0.22994203321531348,0.0,0.0495171836478608,0.7928779734760676,race
0.0,0.0,0.0,0.22994203321531348,0.0,0.04472782550681662,0.7915975724436478,race
0.0,0.0,0.0,0.22994203321531348,0.0,0.05742737312995975,0.7910539383753392,race
0.0,0.0,0.0,0.22994203321531348,0.0,0.056539711059586224,0.7914716953095844,race
0.0,0.0,0.0,0.22994203321531348,0.0,0.051648047559055284,0.7910383499977035,race
0.0,0.0,0.0,0.22994203321531348,0.0,0.0470961543354101,0.7923561857472371,race
0.0,0.0,0.0,0.22994203321531348,0.0,0.050164056511928574,0.7923474849960025,race
0.0,0.0,0.0,0.22994203321531348,0.0,0.04545388652565111,0.7916947695161762,race
0.0,0.0,0.0,0.22994203321531348,0.0,0.0490351258302953,0.7928228532166521,race
0.0,0.0,0.0,0.22994203321531348,0.0,0.044698843100283756,0.7915735229572877,race
0.0,0.0,0.0,0.22994203321531348,0.0,0.05279544033704333,0.7911064677137895,race
0.0,0.0,0.0,0.22994203321531348,0.0,0.052519360690276566,0.7915617608514333,race
0.0,0.0,0.0,0.22994203321531348,0.0,0.05574570750451931,0.7914206614771471,race
0.0,0.0,0.0,0.22994203321531348,0.0,0.0540574694678901,0.7921289583303528,race
0.0,0.0,0.0,0.22994203321531348,0.0,0.05280459175101558,0.7910304726575712,race
0.0,0.0,0.0,0.22994203321531348,0.0,0.04471968960158731,0.7915930480380196,race
0.0,0.0,0.0,0.22994203321531348,0.0,0.05665706812038817,0.7917128772077028,race
0.0,0.0,0.0,0.22994203321531348,0.0,0.05577796368727372,0.7918444125182611,race
0.0,0.0,0.0,0.22994203321531348,0.0,0.04836966038038256,0.7915653170863352,race
0.0,0.0,0.0,0.22994203321531348,0.0,0.051994624143163325,0.7929630845483506,race
0.0,0.0,0.0,0.22994203321531348,0.0,0.04698984982648968,0.7913868500592451,race
0.0,0.0,0.0,0.22994203321531348,0.0,0.05478491164210929,0.7918045561800989,race
0.0,0.0,0.0,0.22994203321531348,0.0,0.046639984931743754,0.7908565755105823,race
0.0,0.0,0.0,0.22994203321531348,0.0,0.05470576704224635,0.7922638290131829,race
0.0,0.0,0.0,0.22994203321531348,0.0,0.052511008300834244,0.7910485309875175,race
0.0,0.0,0.0,0.22994203321531348,0.0,0.04761364177784321,0.7920180281075463,race
0.0,0.0,0.0,0.22994203321531348,0.0,0.05067345169033796,0.7918978104144582,race
0.0,0.0,0.0,0.22994203321531348,0.0,0.047030316679472065,0.7920151750644143,race
0.0,0.0,0.0,0.22994203321531348,0.0,0.05054810165285889,0.7920184920314672,race
0.0,0.0,0.0,0.22994203321531348,0.0,0.053526086632460876,0.7918361694622092,gender_race
0.0,0.0,0.0,0.22994203321531348,0.0,0.054120398815685186,0.7924059754711581,gender_race
0.0,0.0,0.0,0.22994203321531348,0.0,0.051143524960004724,0.7913046693507475,gender_race
0.0,0.0,0.0,0.22994203321531348,0.0,0.0522222656061199,0.7907837046583581,gender_race
0.0,0.0,0.0,0.22994203321531348,0.0,0.05116994500886598,0.7912059033854922,gender_race
0.0,0.0,0.0,0.22994203321531348,0.0,0.050935572201911576,0.791911784940053,gender_race
0.0,0.0,0.0,0.22994203321531348,0.0,0.05843614468838705,0.791475468332678,gender_race
0.0,0.0,0.0,0.22994203321531348,0.0,0.0550843084597752,0.7902877942461635,gender_race
0.0,0.0,0.0,0.22994203321531348,0.0,0.055973739606912015,0.7924437036414608,gender_race
0.0,0.0,0.0,0.22994203321531348,0.0,0.0517178137628369,0.7912736751958566,gender_race
0.0,0.0,0.0,0.22994203321531348,0.0,0.05379516612095385,0.7912615822643837,gender_race
0.0,0.0,0.0,0.22994203321531348,0.0,0.05769183180451041,0.791208724254615,gender_race
0.0,0.0,0.0,0.22994203321531348,0.0,0.05767220087741676,0.7903126392782177,gender_race
0.0,0.0,0.0,0.22994203321531348,0.0,0.05363201564052579,0.791856327719946,gender_race
0.0,0.0,0.0,0.22994203321531348,0.0,0.052130261007879174,0.7904461162691477,gender_race
0.0,0.0,0.0,0.22994203321531348,0.0,0.0553809168933985,0.792032829509857,gender_race
0.0,0.0,0.0,0.22994203321531348,0.0,0.05096927022277408,0.7911427940433164,gender_race
0.0,0.0,0.0,0.22994203321531348,0.0,0.050968194244944746,0.7919675794955126,gender_race
0.0,0.0,0.0,0.22994203321531348,0.0,0.05691496704431384,0.7920915516659774,gender_race
0.0,0.0,0.0,0.22994203321531348,0.0,0.052691128722246225,0.7912468168295238,gender_race
0.0,0.0,0.0,0.22994203321531348,0.0,0.055398008074676056,0.7903830090812722,gender_race
0.0,0.0,0.0,0.22994203321531348,0.0,0.05302987194459607,0.7904785946902234,gender_race
0.0,0.0,0.0,0.22994203321531348,0.0,0.04967817569210338,0.791150882739057,gender_race
0.0,0.0,0.0,0.22994203321531348,0.0,0.05698933183946301,0.7904112046125342,gender_race
0.0,0.0,0.0,0.22994203321531348,0.0,0.049913551936132866,0.7915122088030522,gender_race
0.0,0.0,0.0,0.22994203321531348,0.0,0.05340735996113381,0.7915542139154259,gender_race
0.0,0.0,0.0,0.22994203321531348,0.0,0.05298336724471523,0.790766565043893,gender_race
0.0,0.0,0.0,0.22994203321531348,0.0,0.055769002576521606,0.7925265925996513,gender_race
0.0,0.0,0.0,0.22994203321531348,0.0,0.05097886899001892,0.7917494903401866,gender_race
0.0,0.0,0.0,0.22994203321531348,0.0,0.05914752069584465,0.7918347557259483,gender_race
0.0,0.0,0.0,0.22994203321531348,0.0,0.052380168382108454,0.7913368685089177,gender_race
0.0,0.0,0.0,0.22994203321531348,0.0,0.06459810178600074,0.7910405737041051,gender_race
0.0,0.0,0.0,0.22994203321531348,0.0,0.05023395491803489,0.7920904581243305,gender_race
0.0,0.0,0.0,0.22994203321531348,0.0,0.052312462854113964,0.7904256122930196,gender_race
0.0,0.0,0.0,0.22994203321531348,0.0,0.054766035109434896,0.7920119699804877,gender_race
0.0,0.0,0.0,0.22994203321531348,0.0,0.05496078891829045,0.790860788291966,gender_race
0.0,0.0,0.0,0.22994203321531348,0.0,0.050964076474351895,0.7919346464233743,gender_race
0.0,0.0,0.0,0.22994203321531348,0.0,0.057182872870444115,0.792024596429153,gender_race
0.0,0.0,0.0,0.22994203321531348,0.0,0.05078961887953361,0.7915826459982449,gender_race
0.0,0.0,0.0,0.22994203321531348,0.0,0.0522972947141999,0.7905120689601033,gender_race
0.0,0.0,0.0,0.22994203321531348,0.0,0.05274801936449779,0.7909555798538669,gender_race
0.0,0.0,0.0,0.22994203321531348,0.0,0.06264844656648628,0.7911786114896083,gender_race
0.0,0.0,0.0,0.22994203321531348,0.0,0.05437085386011455,0.7913423424458904,gender_race
0.0,0.0,0.0,0.22994203321531348,0.0,0.05374820935789501,0.7912689781651957,gender_race
0.0,0.0,0.0,0.22994203321531348,0.0,0.051684920845300505,0.7921400873060348,gender_race
0.0,0.0,0.0,0.22994203321531348,0.0,0.06660074626189272,0.7907976671948027,gender_race
0.0,0.0,0.0,0.22994203321531348,0.0,0.051869375065293766,0.7912565235922409,gender_race
0.0,0.0,0.0,0.22994203321531348,0.0,0.05757987613600789,0.7920077985054739,gender_race
0.0,0.0,0.0,0.22994203321531348,0.0,0.05081006064621531,0.7915840119184023,gender_race
0.0,0.0,0.0,0.22994203321531348,0.0,0.05248940991126295,0.792132653283471,gender_race
0.0,0.0,0.0,0.22994203321531348,0.0,0.05125201578719048,0.7922857156287133,gender_race
0.0,0.0,0.0,0.22994203321531348,0.0,0.052353923563254336,0.7918996930388977,gender_race
0.0,0.0,0.0,0.22994203321531348,0.0,0.05297072933383878,0.7916902106417405,gender_race
0.0,0.0,0.0,0.22994203321531348,0.0,0.0587148079525949,0.7923558032184075,gender_race
0.0,0.0,0.0,0.22994203321531348,0.0,0.05151539915768105,0.791480577584049,gender_race
0.0,0.0,0.0,0.22994203321531348,0.0,0.0528763863948945,0.7916311213178895,gender_race
0.0,0.0,0.0,0.22994203321531348,0.0,0.05056155404789112,0.7906844387548981,gender_race
0.0,0.0,0.0,0.22994203321531348,0.0,0.053743904031411854,0.7912867101654548,gender_race
0.0,0.0,0.0,0.22994203321531348,0.0,0.05167304003398647,0.791212785907138,gender_race
0.0,0.0,0.0,0.22994203321531348,0.0,0.05164049590345853,0.7915835373634771,gender_race
0.0,0.0,0.0,0.22994203321531348,0.0,0.051108658732746684,0.7913967309924712,gender_race
0.0,0.0,0.0,0.22994203321531348,0.0,0.0525534754571604,0.7907018975336599,gender_race
0.0,0.0,0.0,0.22994203321531348,0.0,0.05104311173661946,0.7917787797877565,gender_race
0.0,0.0,0.0,0.22994203321531348,0.0,0.05433335190670565,0.7919681472005164,gender_race
0.0,0.0,0.0,0.22994203321531348,0.0,0.05559442503487243,0.7906723615591851,gender_race
0.0,0.0,0.0,0.22994203321531348,0.0,0.056470738958828884,0.7924591554083477,gender_race
0.0,0.0,0.0,0.22994203321531348,0.0,0.051979714190967446,0.7904785603150812,gender_race
0.0,0.0,0.0,0.22994203321531348,0.0,0.0488745795535052,0.7903660169427235,gender_race
0.0,0.0,0.0,0.22994203321531348,0.0,0.05787127148737486,0.791641338228322,gender_race
0.0,0.0,0.0,0.22994203321531348,0.0,0.05287414628493929,0.7909348904674013,gender_race
0.0,0.0,0.0,0.22994203321531348,0.0,0.049286120919901234,0.7909978294325103,gender_race
0.0,0.0,0.0,0.22994203321531348,0.0,0.05065629364238728,0.7914931427288164,gender_race
0.0,0.0,0.0,0.22994203321531348,0.0,0.06590149764231296,0.7913583895490264,gender_race
0.0,0.0,0.0,0.22994203321531348,0.0,0.054500355334086543,0.7919006672041994,gender_race
0.0,0.0,0.0,0.22994203321531348,0.0,0.05716592708824146,0.7910353747682695,gender_race
0.0,0.0,0.0,0.22994203321531348,0.0,0.055856930949656686,0.7905370731762287,gender_race
0.0,0.0,0.0,0.22994203321531348,0.0,0.05162259815569525,0.7909890390436436,gender_race
0.0,0.0,0.0,0.22994203321531348,0.0,0.04991317575275983,0.790906592887863,gender_race
0.0,0.0,0.0,0.22994203321531348,0.0,0.05357081923266339,0.7924405323238524,gender_race
0.0,0.0,0.0,0.22994203321531348,0.0,0.06649973760139526,0.7908756799407328,gender_race
0.0,0.0,0.0,0.22994203321531348,0.0,0.0506422715916547,0.7919072650771887,gender_race
0.0,0.0,0.0,0.22994203321531348,0.0,0.05376200738541638,0.791941071062507,gender_race
0.0,0.0,0.0,0.22994203321531348,0.0,0.05505838531191826,0.7904464500452213,gender_race
0.0,0.0,0.0,0.22994203321531348,0.0,0.05131329247323534,0.7915944682371819,gender_race
0.0,0.0,0.0,0.22994203321531348,0.0,0.05299096941772035,0.79151511148876,gender_race
0.0,0.0,0.0,0.22994203321531348,0.0,0.05117209506092054,0.7917783969779312,gender_race
0.0,0.0,0.0,0.22994203321531348,0.0,0.05122834111168281,0.7918157565755246,gender_race
0.0,0.0,0.0,0.22994203321531348,0.0,0.050375376163427396,0.7920828790611467,gender_race
0.0,0.0,0.0,0.22994203321531348,0.0,0.053220052430468484,0.7910058178596141,gender_race
0.0,0.0,0.0,0.22994203321531348,0.0,0.05182804946650465,0.7912256152815401,gender_race
0.0,0.0,0.0,0.22994203321531348,0.0,0.056952456520904894,0.7913584001800309,gender_race
0.0,0.0,0.0,0.22994203321531348,0.0,0.049241380880393086,0.7915408243292389,gender_race
0.0,0.0,0.0,0.22994203321531348,0.0,0.05161187096123543,0.7909617882199661,gender_race
0.0,0.0,0.0,0.22994203321531348,0.0,0.04860842435017409,0.7905699826915596,gender_race
0.0,0.0,0.0,0.22994203321531348,0.0,0.05542888637417314,0.7917225644412178,gender_race
0.0,0.0,0.0,0.22994203321531348,0.0,0.05248460792436015,0.791149138598671,gender_race
0.0,0.0,0.0,0.22994203321531348,0.0,0.05304805956719887,0.7905558878529673,gender_race
0.0,0.0,0.0,0.22994203321531348,0.0,0.05193425238124422,0.7921382692169439,gender_race
0.0,0.0,0.0,0.22994203321531348,0.0,0.054018316438144774,0.791737464192028,gender_race
0.0,0.0,0.0,0.22994203321531348,0.0,0.0501804032504444,0.7912815418113193,gender_race
0.0,0.0,0.0,0.22994203321531348,0.0,0.05877134416786445,0.7917943277020095,gender_race
0.0,0.0,0.0,0.22994203321531348,0.0,0.05566500297372311,0.7906956134392161,gender_race
0.0,0.0,0.0,0.22994203321531348,0.0,0.053766123370153636,0.7924024357213382,gender_race
0.0,0.0,0.0,0.22994203321531348,0.0,0.06757610734284113,0.7906232703437722,gender_race
0.0,0.0,0.0,0.22994203321531348,0.0,0.057487043897263085,0.7912140617213369,gender_race
0.0,0.0,0.0,0.22994203321531348,0.0,0.05410360821188643,0.7910931963799646,gender_race
0.0,0.0,0.0,0.22994203321531348,0.0,0.05073757487561326,0.7910986798707915,gender_race
0.0,0.0,0.0,0.22994203321531348,0.0,0.04984597186446697,0.7903455453747673,gender_race
0.0,0.0,0.0,0.22994203321531348,0.0,0.053817594469719184,0.7924077653201801,gender_race
0.0,0.0,0.0,0.22994203321531348,0.0,0.06274031522532023,0.7914347996359118,gender_race
0.0,0.0,0.0,0.22994203321531348,0.0,0.048893269871704864,0.7914689268461618,gender_race
0.0,0.0,0.0,0.22994203321531348,0.0,0.05221408112461289,0.7907692067314165,gender_race
0.0,0.0,0.0,0.22994203321531348,0.0,0.05028830048503563,0.7913321972830296,gender_race
0.0,0.0,0.0,0.22994203321531348,0.0,0.05450512938545058,0.7917280923761999,gender_race
0.0,0.0,0.0,0.22994203321531348,0.0,0.05775184883040752,0.7912962816287364,gender_race
0.0,0.0,0.0,0.22994203321531348,0.0,0.056009486537253135,0.7919416855064645,gender_race
0.0,0.0,0.0,0.22994203321531348,0.0,0.049555850693653626,0.7917921212300114,gender_race
0.0,0.0,0.0,0.22994203321531348,0.0,0.052463227870335354,0.7910538821293641,gender_race
0.0,0.0,0.0,0.22994203321531348,0.0,0.05020998101376069,0.7903594955005679,gender_race
0.0,0.0,0.0,0.22994203321531348,0.0,0.051972476117529996,0.7918551802739551,gender_race
0.0,0.0,0.0,0.22994203321531348,0.0,0.053463686163882924,0.7911074970479162,gender_race
0.0,0.0,0.0,0.22994203321531348,0.0,0.05600713781028339,0.7919851601795808,gender_race
0.0,0.0,0.0,0.22994203321531348,0.0,0.04941695448659164,0.7908271942242472,gender_race
0.0,0.0,0.0,0.22994203321531348,0.0,0.05207072972869146,0.7917676831734141,gender_race
0.0,0.0,0.0,0.22994203321531348,0.0,0.0529567115763452,0.7907264911213843,gender_race
0.0,0.0,0.0,0.22994203321531348,0.0,0.05855910228991642,0.792365402687595,gender_race
0.0,0.0,0.0,0.22994203321531348,0.0,0.0488063367587427,0.7903715996250368,gender_race
0.0,0.0,0.0,0.22994203321531348,0.0,0.06765175949417102,0.790407020914207,gender_race
0.0,0.0,0.0,0.22994203321531348,0.0,0.05138098848953215,0.7919366740416014,gender_race
0.0,0.0,0.0,0.22994203321531348,0.0,0.05478134219545219,0.7918104649111039,gender_race
0.0,0.0,0.0,0.22994203321531348,0.0,0.05436778123412133,0.79102057982886,gender_race
0.0,0.0,0.0,0.22994203321531348,0.0,0.04972914866936386,0.7907985613699915,gender_race
0.0,0.0,0.0,0.22994203321531348,0.0,0.05792269908974478,0.7923829078774819,gender_race
0.0,0.0,0.0,0.22994203321531348,0.0,0.050998781364483374,0.7911347166810695,gender_race
0.0,0.0,0.0,0.22994203321531348,0.0,0.048497150925393605,0.79029957302443,gender_race
0.0,0.0,0.0,0.22994203321531348,0.0,0.0524866647687984,0.7904730812733531,gender_race
0.0,0.0,0.0,0.22994203321531348,0.0,0.05102807585666283,0.7916114391605544,gender_race
0.0,0.0,0.0,0.22994203321531348,0.0,0.06309197315630721,0.7910933850685854,gender_race
0.0,0.0,0.0,0.22994203321531348,0.0,0.06943943231894663,0.7903336457683445,gender_race
0.0,0.0,0.0,0.22994203321531348,0.0,0.05411398368197214,0.7917563183954968,gender_race
0.0,0.0,0.0,0.22994203321531348,0.0,0.05523408431955321,0.7907453353026727,gender_race
0.0,0.0,0.0,0.22994203321531348,0.0,0.05169401541429602,0.7908096318985655,gender_race
0.0,0.0,0.0,0.22994203321531348,0.0,0.054384676746189395,0.7924800430841209,gender_race
0.0,0.0,0.0,0.22994203321531348,0.0,0.055548091732929704,0.7921622474240584,gender_race
0.0,0.0,0.0,0.22994203321531348,0.0,0.05230809247090182,0.7921004332379529,gender_race
0.0,0.0,0.0,0.22994203321531348,0.0,0.05214038828216155,0.7904402023865549,gender_race
0.0,0.0,0.0,0.22994203321531348,0.0,0.06773505539494191,0.7912280907132672,gender_race
0.0,0.0,0.0,0.22994203321531348,0.0,0.05486374548659413,0.7916363214245407,gender_race
0.0,0.0,0.0,0.22994203321531348,0.0,0.05849409723827562,0.7918629553316481,gender_race
0.0,0.0,0.0,0.22994203321531348,0.0,0.05488785099726671,0.7924642956160795,gender_race
0.0,0.0,0.0,0.22994203321531348,0.0,0.059948656591999834,0.791564334116501,gender_race
0.0,0.0,0.0,0.22994203321531348,0.0,0.0524848465126646,0.7911491438907567,gender_race
0.0,0.0,0.0,0.22994203321531348,0.0,0.05217538206498608,0.7911234166258314,gender_race
0.0,0.0,0.0,0.22994203321531348,0.0,0.05435711774058485,0.7918203941287598,gender_race
0.0,0.0,0.0,0.22994203321531348,0.0,0.05221605054195419,0.7905984376755293,gender_race
0.0,0.0,0.0,0.22994203321531348,0.0,0.05291386796190916,0.790600101638472,gender_race
0.0,0.0,0.0,0.22994203321531348,0.0,0.05377467054890085,0.7912648425171351,gender_race
0.0,0.0,0.0,0.22994203321531348,0.0,0.056659944430283674,0.7913067464242199,gender_race
0.0,0.0,0.0,0.22994203321531348,0.0,0.049626432911483775,0.7914456388581819,gender_race
0.0,0.0,0.0,0.22994203321531348,0.0,0.049534354091833474,0.7909812201506193,gender_race
0.0,0.0,0.0,0.22994203321531348,0.0,0.05163697451213999,0.7913581831108432,gender_race
0.0,0.0,0.0,0.22994203321531348,0.0,0.05154360862779436,0.7909833204530706,gender_race
0.0,0.0,0.0,0.22994203321531348,0.0,0.05144009416533198,0.7918398948096973,gender_race
0.0,0.0,0.0,0.22994203321531348,0.0,0.05192019375687201,0.7913491580905566,gender_race
0.0,0.0,0.0,0.22994203321531348,0.0,0.05520768430448428,0.7918023058259374,gender_race
0.0,0.0,0.0,0.22994203321531348,0.0,0.0516937554907002,0.7914005449941063,gender_race
0.0,0.0,0.0,0.22994203321531348,0.0,0.05108830804908589,0.7919065136009888,gender_race
0.0,0.0,0.0,0.22994203321531348,0.0,0.051085586999146795,0.791043336828609,gender_race
0.0,0.0,0.0,0.22994203321531348,0.0,0.055552988961817096,0.7920333010674948,gender_race
0.0,0.0,0.0,0.22994203321531348,0.0,0.04888221259720008,0.7905134644784758,gender_race
0.0,0.0,0.0,0.22994203321531348,0.0,0.048933951863686015,0.7914666793487899,gender_race
0.0,0.0,0.0,0.22994203321531348,0.0,0.051717438637689614,0.7913107378746473,gender_race
0.0,0.0,0.0,0.22994203321531348,0.0,0.05922919027303133,0.791822087127926,gender_race
0.0,0.0,0.0,0.22994203321531348,0.0,0.053419374850390604,0.7908507132843678,gender_race
0.0,0.0,0.0,0.22994203321531348,0.0,0.05182009626743447,0.7913836141594554,gender_race
0.0,0.0,0.0,0.22994203321531348,0.0,0.05381569865319219,0.7918593198091228,gender_race
0.0,0.0,0.0,0.22994203321531348,0.0,0.05800067758638583,0.7912464972905664,gender_race
0.0,0.0,0.0,0.22994203321531348,0.0,0.05229505698947312,0.790726303603579,gender_race
0.0,0.0,0.0,0.22994203321531348,0.0,0.05554258665569316,0.7918381176523149,gender_race
0.0,0.0,0.0,0.22994203321531348,0.0,0.04992962118950844,0.7903172718671952,gender_race
0.0,0.0,0.0,0.22994203321531348,0.0,0.05339852703367914,0.79198807433928,gender_race
0.0,0.0,0.0,0.22994203321531348,0.0,0.05174974898640746,0.7908051225730404,gender_race
0.0,0.0,0.0,0.22994203321531348,0.0,0.0518398506124112,0.790298770969002,gender_race
0.0,0.0,0.0,0.22994203321531348,0.0,0.055861144524498,0.7921354543892289,gender_race
0.0,0.0,0.0,0.22994203321531348,0.0,0.051750370428531124,0.7907841717668972,gender_race
0.0,0.0,0.0,0.22994203321531348,0.0,0.05231507626100119,0.7908042116317738,gender_race
0.0,0.0,0.0,0.22994203321531348,0.0,0.05197264632953005,0.7918552890661283,gender_race
0.0,0.0,0.0,0.22994203321531348,0.0,0.055550657967408705,0.7916310645099229,gender_race
0.0,0.0,0.0,0.22994203321531348,0.0,0.05832894275548887,0.7918525493111012,gender_race
0.0,0.0,0.0,0.22994203321531348,0.0,0.05166183785835111,0.7912069669542631,gender_race
0.0,0.0,0.0,0.22994203321531348,0.0,0.057902835782887824,0.7923561766148765,gender_race
0.0,0.0,0.0,0.22994203321531348,0.0,0.0536245968573606,0.7919583649904507,gender_race
0.0,0.0,0.0,0.22994203321531348,0.0,0.052307534592126094,0.7921007117983689,gender_race
0.0,0.0,0.0,0.22994203321531348,0.0,0.05062073243597017,0.7917347152578075,gender_race
0.0,0.0,0.0,0.22994203321531348,0.0,0.05585591099930517,0.7905128764481152,gender_race
0.0,0.0,0.0,0.22994203321531348,0.0,0.052664052954077965,0.7904637643921868,gender_race
0.0,0.0,0.0,0.22994203321531348,0.0,0.05174205673527415,0.7919070401401209,gender_race
0.0,0.0,0.0,0.22994203321531348,0.0,0.057319152442015554,0.7920169291333157,gender_race
0.0,0.0,0.0,0.22994203321531348,0.0,0.05231314160903691,0.7911759087323498,gender_race
0.0,0.0,0.0,0.22994203321531348,0.0,0.053666919868536285,0.791853875751361,gender_race
