,const,Age,n_hosp_365d,triage_o2sat,triage_acuity_2,triage_acuity_3,triage_acuity_4,triage_acuity_5,cci_Renal_1,cci_Liver2_1,perf_metric
0,13.483373068364106,0.02293677845686716,0.09715231632317996,-0.1407774804385688,-0.2430531929675166,-1.521188147762471,-4.148466619958048,-2.789534174432944,0.6559953167323798,0.5706079330787907,0.7918361694622092
1,13.186410599996368,0.022836277804909617,0.10453978407949158,-0.13464856316679646,-0.6086051898904146,-1.8357068545615385,-4.09012668019576,-4.521560340848558,0.5260177877239457,0.7683711690606876,0.7924059754711581
2,10.47602760776808,0.024906156402979465,0.08157147934185109,-0.11183186872734806,-0.2476251384483068,-1.475023586739995,-3.143568982638226,-6.296692257806488,0.4495342200501112,1.4529746665489132,0.7913046693507475
3,14.285096951465,0.024108980751564986,0.06743472124892678,-0.14745032342840922,-0.3938878120130978,-1.7316628929777105,-4.1430041134498365,-6.565078100799724,0.48897379625780346,0.7335257445813057,0.7907837046583581
4,16.07653971779713,0.02735799570588278,0.0831642023802738,-0.16658690720252678,-0.6269826052859534,-1.960999292806002,-4.075586157062732,-11.780824530561446,0.4169092699953944,0.982671595504309,0.7912059033854922
5,11.405193379668606,0.0246200963981949,0.08988876039337745,-0.11821188243439992,-0.5152158960235599,-1.7603248286570339,-4.047689766117949,-4.43002623949198,0.5121294980552232,0.922348542203284,0.791911784940053
6,9.264601513317118,0.024823500781427296,0.09814626262019105,-0.09441040616281708,-0.8566927396414157,-1.9757905170410295,-3.8798485043510436,-5.278684435906061,0.6014899216756662,0.8301527575325456,0.791475468332678
7,11.326776856749857,0.028799483824014743,0.10956900874194922,-0.11895371388921662,-0.6661357371858061,-1.9858569676554505,-4.294980522026221,-7.224156612968795,0.6138234027403675,-0.1053217474277629,0.7902877942461635
8,15.095833932176317,0.021042429846152944,0.11806011856291833,-0.15226845192043187,-0.7011960073476636,-1.9276441876535124,-4.201227729250038,-4.619633820540533,0.5413468735966733,0.6518816078209665,0.7924437036414608
9,11.648910532874623,0.025273238302799227,0.0841235397564268,-0.1234777216519154,-0.23177393493912862,-1.5028466933490954,-3.9442711401262436,-6.755110203363657,0.767360656294624,1.7107982787120113,0.7912736751958566
10,13.854820004346879,0.024381008626489026,0.11151900056437987,-0.1451308673858863,-0.2925891434401017,-1.579380462621282,-3.9839781415031448,-6.126287919524749,0.7557763867532099,0.052919464077332945,0.7912615822643837
11,13.3628507656615,0.02404745259331231,0.08036832121904615,-0.13627847560545858,-0.5296766172591773,-1.9736731336096527,-4.863634090147525,-4.5300534601001194,0.5325663480249238,1.3226315305963587,0.791208724254615
12,7.544057245345874,0.02495755195296896,0.10463349798499762,-0.07499768790045856,-1.1560423650189189,-2.1802252596601845,-3.7953844834718593,-6.027525615633211,0.6810941650942517,0.7801076739068625,0.7903126392782177
13,11.250837790494849,0.025400319266295823,0.09405244505179913,-0.1170465612308398,-0.5408684504191568,-1.7848998411337522,-4.032868650332591,-4.916992277651689,0.5286475387525782,0.7118786411877152,0.791856327719946
14,8.458175801887945,0.030057491174625032,0.10716167594093845,-0.0918708468274005,-0.5395371812376589,-1.6626551048843294,-3.928690907141004,-3.9513126518018495,0.4182672998006262,0.7417025429812997,0.7904461162691477
15,10.50281456960869,0.022151617979942074,0.08925456775419162,-0.10789543056023053,-0.5331269040833093,-1.7720785331712476,-3.7720602107950647,-8.011584490011817,0.6145179616327758,0.9413975574876616,0.792032829509857
16,10.029135930918656,0.024309428064960493,0.0788193946168901,-0.10399024573884846,-0.6211378987228934,-1.660026955941329,-4.20219064147815,-6.27715785667497,0.41197400390200944,0.8880842070826946,0.7911427940433164
17,11.627640436367475,0.02436703499154423,0.09184340225409662,-0.1208568061385232,-0.46659925592834717,-1.7031732094574796,-4.006606419474542,-4.136058418019079,0.5358081967978265,0.8320645149485484,0.7919675794955126
18,7.916076906915855,0.02418911540058851,0.12306081988000919,-0.08504458935160496,-0.23190100532889985,-1.5039575929576907,-3.8302002600667047,-4.606740289897191,0.5720433674533322,1.0738190160153087,0.7920915516659774
19,12.09954163639795,0.024584760700501102,0.0712861404950691,-0.12483071240415501,-0.5567620670130389,-1.7705890305530998,-4.007669315062937,-4.819738519497998,0.5334268440068825,0.781990903207908,0.7912468168295238
20,7.890417288348143,0.02874758885577236,0.09253902389849998,-0.08314038446286488,-0.7331992010228646,-1.9258705568787642,-4.182991793206629,-3.5101339519842045,0.5302254041582801,0.6569941794596494,0.7903830090812722
21,14.751780592432784,0.02402315169990813,0.06387267684114117,-0.15216424216677055,-0.37551963764286295,-1.7301235885251518,-4.168467899736055,-6.8930371504276255,0.4857039553196108,0.7099778553469035,0.7904785946902234
22,11.522847480491494,0.025044900945747215,0.07527622846036609,-0.11772105494819554,-0.700069247116087,-1.9159811427259812,-4.0108034767433836,-5.005439663543398,0.3992177212984863,1.1460693643636986,0.791150882739057
23,7.67841821523482,0.024947083611240737,0.10412689594531874,-0.07651366845518795,-1.132665514594117,-2.1642605147776277,-3.801980458929921,-5.969047011464799,0.6748777000185764,0.7840158011775715,0.7904112046125342
24,11.955903210834089,0.028015043061080578,0.09630952685897534,-0.12631256645146313,-0.4449925826335995,-1.681958932545817,-3.9334110832384472,-5.531174881587944,0.4372800024726734,0.9253640076434357,0.7915122088030522
25,10.540236623616824,0.024462324126245605,0.08386489252102647,-0.10935256744149476,-0.5756909403798444,-1.6946680107182386,-4.106517902152065,-5.490250740991959,0.4536858578896403,0.8878158909046453,0.7915542139154259
26,15.058430549975567,0.021722844824004314,0.10165826975610845,-0.15768520009283266,-0.05331794076558127,-1.366727894155869,-4.26887080225345,-1.6466685226339188,0.7580044204051309,0.3486960378574171,0.790766565043893
27,14.051130306892949,0.022023898666699064,0.11066273202645376,-0.14262807445788214,-0.6505367527783252,-1.8773424742715907,-4.1404409635477055,-4.565974834577799,0.5329598641191914,0.7156165925589326,0.7925265925996513
28,11.473944811007604,0.025018543426193786,0.0869082199686301,-0.12058930782583205,-0.35091842765899683,-1.6037074663468756,-3.957902163856842,-5.769715393571035,0.6588429334809753,1.3631591552628182,0.7917494903401866
29,7.187027058790061,0.024083462461376718,0.1301662463497935,-0.07810389767924067,-0.1699347759416387,-1.4517210277720791,-3.7980467274065655,-4.647479550990977,0.5855976505640843,1.114763268972974,0.7918347557259483
30,10.45501076325975,0.02623158961503645,0.08668301848330581,-0.10894943300454356,-0.5932445559743418,-1.7447447021557043,-4.225360669546302,-3.1258071455473617,0.4917966899036939,0.8759975144838773,0.7913368685089177
31,11.977980937407832,0.020123622092106386,0.08397007810750119,-0.12244836511956447,-0.5156281739690326,-1.5852274367905717,-4.576647903359065,-5.577048078956641,0.19104774058762608,1.7072069367633933,0.7910405737041051
32,11.563599409203654,0.025307353492041308,0.0999249555187131,-0.12054034475866904,-0.46190152486503067,-1.740830179307811,-3.884796555526658,-6.90648939224355,0.4801312683856051,1.1622342890850337,0.7920904581243305
33,8.391255166986817,0.0301873499479783,0.10755801337882369,-0.09127389171667633,-0.54015380553603,-1.6607492192810491,-3.9275372033965463,-3.9399840104048507,0.41604780582576106,0.7381894347759348,0.7904256122930196
34,10.71318041336917,0.02287565792661609,0.08967552358878776,-0.11040857648724992,-0.5276150424630764,-1.7633518648386866,-3.8308523481675936,-6.979380317655176,0.5845690652256972,0.9258880536331943,0.7920119699804877
35,9.758018202170353,0.0242283230430043,0.07614296715021486,-0.10114575638168706,-0.6452456260269586,-1.6416513124981935,-4.252941063380892,-6.69457945869547,0.3898475946120777,0.8882265376915519,0.790860788291966
36,11.349475369682562,0.024837355198813617,0.08888922279926044,-0.11853450959787465,-0.4356770208711501,-1.6754591439479722,-3.9675991827376347,-5.068712133328422,0.581644153123606,1.1158510138925029,0.7919346464233743
37,7.845631362320773,0.02417890652534923,0.12374739246284412,-0.08437393451799433,-0.22591342466221354,-1.4989101558150373,-3.8270933763265567,-4.610676782637064,0.5733530705659347,1.0777753164041728,0.792024596429153
38,11.773566614356062,0.024616889992042403,0.0786091575917535,-0.12174291283643109,-0.5406306642277345,-1.7597118216188647,-3.995944074487011,-4.669592550763634,0.5247297005334319,0.8217327886156465,0.7915826459982449
39,11.406527897516481,0.025626689953106397,0.1069728352492151,-0.11794112128424426,-0.6661844761244047,-1.843588083266911,-3.7719379767537284,-4.061441522854909,0.3951825218137416,-0.0826025377867381,0.7905120689601033
40,12.339180978531498,0.02690956871505036,0.07625654486703849,-0.12608374683412124,-0.6992955003759623,-2.0135796070262244,-4.558248100715517,-2.8174606033112957,0.62970813112313,0.7761141965787577,0.7909555798538669
41,11.934520902449473,0.020389388970571694,0.08436458316035234,-0.12210864183030189,-0.515530377257218,-1.5943757417426754,-4.541568512866563,-5.509487335883766,0.20971292922873686,1.6592868326210808,0.7911786114896083
42,9.534297112459926,0.026743156450089227,0.09164422860953482,-0.0996064056215616,-0.6254242436954617,-1.8353490728485933,-4.081512445347865,-3.9580435793380486,0.5204540582091669,0.7702812796020512,0.7913423424458904
43,11.29121951626699,0.027207875479307392,0.10230360813243874,-0.11806071796800774,-0.6074811897099486,-1.8917617763056447,-4.172250529072202,-6.143861162069868,0.5739410688364204,0.2773202034642174,0.7912689781651957
44,11.967833638681766,0.02398109559249908,0.09591122705229699,-0.1234037071234777,-0.5495145549949697,-1.7770332675667255,-4.019222980385588,-4.458970719754867,0.5162349016725887,0.8427137693463491,0.7921400873060348
45,11.757848578850254,0.023093564548604697,0.08539817394233122,-0.1171127259363192,-1.0289970218201392,-2.219616355636196,-5.786135791103892,-4.475690506973777,0.8786739255087928,1.6577769495891421,0.7907976671948027
46,11.652876030470267,0.025279010815726286,0.08406042657877819,-0.123543185892611,-0.2290735934415286,-1.500560741857857,-3.9439622008022828,-6.7774436107722575,0.7698201481557194,1.7186773197806293,0.7912565235922409
47,7.750721169139959,0.024165152265824975,0.12467240108963898,-0.08347037162833731,-0.21784644979492412,-1.4921098217835385,-3.822907519894291,-4.615980358449329,0.5751176133222032,1.0831055787557065,0.7920077985054739
48,10.998888866139442,0.024782334210519827,0.09426574675724093,-0.11555726058358225,-0.37878089982646485,-1.6201575383694817,-3.9482911570486396,-3.2766142946393506,0.3289374437807082,0.8064313711110924,0.7915840119184023
49,11.937164771563758,0.02603084906631472,0.11037574925824008,-0.1249715986815912,-0.4028106278000314,-1.739814527197967,-3.7806333582900393,-9.727649445894322,0.44582972156764794,1.4741655597568215,0.792132653283471
50,12.21625311476008,0.02573385687567044,0.11053444084056958,-0.12739899971908283,-0.49133934828776693,-1.7644486233399335,-4.131099586880685,-2.459968178626819,0.5530749111533666,1.1098173080206888,0.7922857156287133
51,10.985107044353182,0.02515400823399613,0.09219592650010294,-0.1144119437833739,-0.5162533733849753,-1.7346215750561886,-3.972254899633409,-4.379083516843044,0.5020756598951748,0.874357932390169,0.7918996930388977
52,10.709908705802858,0.02451308162560513,0.08553986605812107,-0.11113271820558644,-0.5606037370924074,-1.7061679362262436,-4.074757051263365,-5.229018129272938,0.4675331040762164,0.8877268169408175,0.7916902106417405
53,15.893109618453742,0.020293412413341993,0.12370550571845665,-0.15962559931748865,-0.7398571079465222,-1.966032427233541,-4.2476177380228775,-4.660584195195149,0.5477475010810099,0.6032416371469298,0.7923558032184075
54,11.83763089222007,0.02589274239720086,0.08282285228210391,-0.12179453954656755,-0.6151451029806242,-1.890148907792053,-4.294140827686203,-3.5456573393569015,0.5755147377264195,0.8266648330564791,0.791480577584049
55,10.755273768734193,0.025630082932301845,0.08823756187670653,-0.11191056427052914,-0.5627027949950825,-1.743581484141454,-4.129522219297336,-3.6248250154290567,0.4989424562498734,0.8804094813217654,0.7916311213178895
56,11.621797572808429,0.025173556097367256,0.06997651269487218,-0.11809315441064473,-0.7639416354303923,-1.9757840632181631,-4.02255726530508,-5.205908287066269,0.36107904906901955,1.2348243310260518,0.7906844387548981
57,11.290497244668606,0.027175545347525504,0.1021560270017949,-0.11804257865887147,-0.6062897475721888,-1.8898504330124268,-4.169757530805827,-6.121917262119726,0.573130944213348,0.2850927592776423,0.7912867101654548
58,10.10877433700438,0.024333251939182322,0.07960557122892548,-0.10482578902693436,-0.6140564696119724,-1.6654246367251244,-4.187283159303626,-6.154543997359544,0.4184734385807591,0.8880423987403226,0.791212785907138
59,10.667820692781174,0.024846446972122408,0.08388446226260146,-0.11304684802556873,-0.3149693763122854,-1.5424616948481888,-3.3541978375735284,-5.822481883785635,0.46491154388148315,1.3099764123174844,0.7915835373634771
60,11.611125209056755,0.02521823479535367,0.08472491494251755,-0.1228539443167755,-0.2575041933605887,-1.5246284282373617,-3.947214874705416,-6.542305880441719,0.7439253384921595,1.6357226769820292,0.7913967309924712
61,12.5573074290081,0.027351791180141624,0.07340082742569873,-0.12794914290598258,-0.7358928971086235,-2.0672601885645467,-4.673109574341436,-2.500764477406049,0.65327708836894,0.7541294911522066,0.7907018975336599
62,12.841255405931241,0.025561974580473035,0.08821192352857123,-0.13321181975280683,-0.5514612268453551,-1.814486991264984,-4.009416499485797,-6.863424455064401,0.4793419640118272,0.9190484459856813,0.7917787797877565
63,12.624423188610427,0.024516717973332266,0.10175196228982492,-0.1317510925013085,-0.3965346254048744,-1.6556115209206899,-3.9804924057810465,-5.3256900264698155,0.6405320040262396,0.4447854477748608,0.7919681472005164
64,11.314114571755681,0.028232697945452953,0.10698173500704014,-0.11863571010459721,-0.6452483314839799,-1.952348833659134,-4.251275280660782,-6.839453800794657,0.599620949146631,0.030940452363463433,0.7906723615591851
65,14.995597271131102,0.021136599288144396,0.1173503581017393,-0.1513434821733738,-0.6963353804615527,-1.9228178659367774,-4.195395393377663,-4.614485377041528,0.540542161326292,0.6579968178262623,0.7924591554083477
66,10.083962971661993,0.025028214798677662,0.07684326504214409,-0.10934820037002671,-0.10995962193513398,-1.3371661800805383,-2.713000146655357,-7.266076100375805,0.4180997975222045,1.7452926012920924,0.7904785603150812
67,11.678571761979898,0.0269402229475934,0.08915712617020759,-0.12153904101290132,-0.48924178115975875,-1.688446191604457,-3.2365643417189833,-3.9737833488842096,0.10551587057425288,0.9271715810449587,0.7903660169427235
68,11.497707569480962,0.02387720747510226,0.08804299453609978,-0.11687615501410865,-0.7729740261376532,-1.9820604881990045,-4.886608174759367,-4.448656298179006,0.6955820764778954,1.2748545492575307,0.791641338228322
69,12.355122430883732,0.02694188789686075,0.07604783893787595,-0.12622007657511478,-0.7019701675470197,-2.0175027737534266,-4.5666425833879,-2.7943153305109414,0.6314306338645672,0.7745074765625958,0.7909348904674013
70,11.543124076113113,0.025071264624893622,0.07419022448634055,-0.11779730460245652,-0.7131578108446373,-1.9282358016900962,-4.0132120325325396,-5.0465191726051595,0.3914024437556883,1.1642568013461578,0.7909978294325103
71,14.54111764637173,0.02650562842916006,0.08555978240180395,-0.15074754318855255,-0.5911411829735871,-1.8914665408632025,-4.044182934684513,-9.447093123323054,0.4465389801323962,0.9524769113257925,0.7914931427288164
72,14.465187436441909,0.019741622243025517,0.07698386736439825,-0.14745077855907934,-0.4252586323521401,-1.6697536038868073,-4.893867171464825,-3.788939832182281,0.5215985761011813,0.9619793466686768,0.7913583895490264
73,12.809634928438399,0.02449628963354127,0.10322219541190439,-0.13376515117992363,-0.3808877029521131,-1.6441364530759228,-3.9810171138828663,-5.446204097035384,0.6578797509947548,0.3857978271212933,0.7919006672041994
74,8.48626887986135,0.024884142290898914,0.1010809310732692,-0.08562856171440501,-0.9921112735212795,-2.068271852485098,-3.841639023184554,-5.617442082720005,0.6375009570018886,0.807513571517401,0.7910353747682695
75,11.31901007968239,0.028451829387036158,0.10798202990513071,-0.11875865711173025,-0.6533238455186566,-1.9653037889190599,-4.268172653894871,-6.98818806694724,0.6051119189185767,-0.021741403991438757,0.7905370731762287
76,12.45122511286424,0.030311837485644606,0.1001483150650741,-0.13295623095662823,-0.3976407574027609,-1.6409218189313275,-3.9037873005524246,-6.293244768826787,0.38710943835419076,0.9513959520691513,0.7909890390436436
77,11.530315634335038,0.0263897627342015,0.08162816464954206,-0.12295695901260564,-0.28467091107741294,-1.4130296748465634,-3.714198601143852,-4.870194585824553,0.3619011382616024,0.9066787283546893,0.790906592887863
78,13.51846761908321,0.02252431984578472,0.10689102902866628,-0.13771273842722917,-0.6247071356043422,-1.8516951565031836,-4.109447635661548,-4.538615745362135,0.5286835824036478,0.7481131278981579,0.7924405323238524
79,11.739975472620594,0.023147405091689152,0.0855798875427534,-0.11709647222397333,-1.0114068455916316,-2.203294971843319,-5.72433333757142,-4.473833109377007,0.8660945168432865,1.631468092114361,0.7908756799407328
80,11.172078751274762,0.024699783787035398,0.0916587269236359,-0.11635072976864051,-0.47813351087449546,-1.709509086347259,-3.9690648259299808,-4.117958324050506,0.4622733839622185,0.8659808006509737,0.7919072650771887
81,15.478509338114893,0.027014122218759075,0.12080370787775586,-0.15657328935491968,-0.9968416521330088,-2.281093109006115,-4.503037086645132,-3.601856756998167,0.5668107570426082,0.7204113359552385,0.791941071062507
82,8.020055126823623,0.028589517517094425,0.09246845953884443,-0.08443890967130124,-0.724699971149257,-1.9187319513960888,-4.174989040746656,-3.545456507240872,0.529454827045976,0.6659281018633453,0.7904464500452213
83,14.036450883621676,0.026225470001315847,0.08634716825282235,-0.1455414173224059,-0.5793607253995016,-1.8686123241099535,-4.033861236910022,-8.680035845498614,0.456277755010227,0.9425524392212032,0.7915944682371819
84,10.48006056482184,0.024444322424217076,0.08327084484535888,-0.10872121751250155,-0.5810417819583736,-1.6905894364201473,-4.1177822351279625,-5.582899742521478,0.44877478065208753,0.8878474819596696,0.79151511148876
85,11.456974439832255,0.02499383992108335,0.08717831319775668,-0.12030915320930914,-0.3624745555872504,-1.6134902097124912,-3.9592242715802284,-5.674139440190007,0.6483175230428629,1.3294407508973702,0.7917783969779312
86,11.412474880837859,0.02503079493969585,0.08838900638373605,-0.11815864691712355,-0.5438121528141807,-1.7855186720474014,-4.070261303302169,-4.162938102033215,0.5295758622109926,0.8695158016122987,0.7918157565755246
87,11.508709238495056,0.02520104600324948,0.09838935851159576,-0.11988923438065069,-0.47058410026958675,-1.7409794150863573,-3.9001018708849915,-6.491959640440991,0.48517139777156154,1.116400380426181,0.7920828790611467
88,13.795697813058325,0.02419898747185486,0.07117014565875064,-0.142506958016465,-0.4131500443301655,-1.7332771219900354,-4.116300895305733,-6.221155875482964,0.4924027944000135,0.7582198107343722,0.7910058178596141
89,13.11093489279802,0.026703364553741823,0.12859308745993964,-0.1372069144294603,-0.47072882121377113,-1.7851574851214433,-4.271941090786976,-0.6725399117581037,0.5920134731091578,1.312466308067812,0.7912256152815401
90,12.996994003768283,0.024154471119463745,0.0821475483059942,-0.1329021006977437,-0.526974125656838,-1.933801539854863,-4.711146351276298,-4.511359874953548,0.528747007722218,1.2478246522210827,0.7913584001800309
91,11.907651403400655,0.02779130071935565,0.09593557111718609,-0.12566537354706195,-0.44960536301600407,-1.68595656498572,-3.9362968854849405,-5.456937806063611,0.442167370442371,0.9228281044976244,0.7915408243292389
92,10.292378542766174,0.02496333042012576,0.07935671153240467,-0.11066848052663429,-0.1831405074401502,-1.410449071455873,-2.9418839621973207,-6.750766458642181,0.4348098563241187,1.5899008528330194,0.7909617882199661
93,11.646886119633614,0.026778230020466417,0.08926855858290367,-0.12118923710881474,-0.491005235078092,-1.6922479532908885,-3.28936721003293,-4.005716823690318,0.13440311700248309,0.924337302395333,0.7905699826915596
94,11.461855454953689,0.023985207578497834,0.08840749842981925,-0.11684355128219519,-0.7376894480348877,-1.9493210128404987,-4.762637074624806,-4.444930497498006,0.6703487233961174,1.2220809485667716,0.7917225644412178
95,11.68527662835321,0.025326175861540845,0.08354475240657297,-0.12407806971953375,-0.20701011290722343,-1.4818830870967281,-3.941437973119768,-6.959921530717605,0.7899157363803091,1.7830540178393322,0.791149138598671
96,14.716690182910202,0.024029605272112033,0.06414051052124976,-0.15180979790417826,-0.3769007590369988,-1.7302393303658306,-4.166553252188252,-6.8683775816151975,0.48594981792871556,0.711748444679999,0.7905558878529673
97,12.530688799596037,0.026074590104120277,0.11688114763214423,-0.13084598886593882,-0.48409578375518636,-1.7717267475806242,-4.180598297842721,-1.8317769658577836,0.5667598589142867,1.1810382478847803,0.7921382692169439
98,13.159859210351454,0.024457660869323633,0.10600231798892544,-0.13757361523896341,-0.3513003118652549,-1.6224377886199342,-3.982009305405631,-5.674088970118742,0.690683299141869,0.27425577744159335,0.791737464192028
99,12.198967716161002,0.029142126677490696,0.09819329810459501,-0.12957274739616131,-0.42175608142320165,-1.6618211884245342,-3.918874092132304,-5.905138034452866,0.41266028890973705,0.9381384108519356,0.7912815418113193
100,9.872848880815415,0.019983393730268185,0.08799396514136694,-0.10036951439174373,-0.5496328331830774,-1.798211585613222,-3.5960001211272603,-11.102643384317432,0.704203515220862,0.9878426224462381,0.7917943277020095
101,9.591316813211547,0.024178454228298486,0.07449731978439415,-0.09939677327783138,-0.6600686759425128,-1.6303527327294525,-4.2841458313630225,-6.951238295280914,0.37624279208466016,0.8883140521093564,0.7906956134392161
102,13.296490966057465,0.022732860486962127,0.10531924630985298,-0.13566436923307496,-0.6139431528805042,-1.841007143455511,-4.096531778501386,-4.527214385377831,0.5269015264715631,0.7616554170703077,0.7924024357213382
103,15.891535732828064,0.017565719703934467,0.07091986937336017,-0.16105523601477437,-0.38609883308579285,-1.6379780702844156,-5.29886335304446,-3.509748372236297,0.5265658322036382,0.9948836569385209,0.7906232703437722
104,13.353670085918317,0.02405013807824367,0.08041296851213259,-0.13619375005175238,-0.5296088018940017,-1.972672609986093,-4.859807616945021,-4.529584369908662,0.5324705068548223,1.320754353338798,0.7912140617213369
105,11.298728459853917,0.027543988841696586,0.10383790407730747,-0.11824929945098171,-0.619867765368642,-1.9116326517437912,-4.198168457156833,-6.371996266885216,0.5823633577740313,0.1965144743455277,0.7910931963799646
106,12.357312855616357,0.029876368858295886,0.09942048683043861,-0.1316966025665199,-0.4066185893419685,-1.6487023914331271,-3.9094039233766176,-6.148757511150701,0.3966216987740415,0.9464603361564482,0.7910986798707915
107,11.60694390210945,0.026835279875201998,0.07927315084031798,-0.12459425759918497,-0.22527244124913431,-1.3278777762293414,-3.646232510440653,-4.986483891241617,0.3234444945952992,0.9116597653204082,0.7903455453747673
108,13.283644571737435,0.02274492930257502,0.10522828295710324,-0.1355458245211995,-0.6133202118430594,-1.8403885989904223,-4.095784302621382,-4.526554557579968,0.5267983940344717,0.7624391462793481,0.7924077653201801
109,11.571177779922396,0.023655887465267394,0.08729603224024436,-0.11694296845322748,-0.8452812083702588,-2.049152099838876,-5.14065686716256,-4.4562914227373565,0.7472917116139519,1.383001240174554,0.7914347996359118
110,11.469555566597734,0.025168075006141502,0.07649609412338307,-0.1199493855574185,-0.4548261282262621,-1.6463618628132264,-3.784051301245026,-4.138801739321882,0.4741265062750722,0.9758176052244181,0.7914689268461618
111,14.32077714235485,0.024102418711088324,0.06716238595951254,-0.14781072500594886,-0.39248347744831874,-1.731545205808323,-4.144950941398608,-6.590152134829522,0.48872380131773613,0.7317253961028503,0.7907692067314165
112,15.713124305326549,0.027156250914175784,0.0837312065401231,-0.1628379256600893,-0.6184993839518442,-1.9445417504808202,-4.06815340275636,-11.22845917269621,0.4239222558910737,0.97552488724124,0.7913321972830296
113,13.215997456524804,0.024451468976889348,0.10644795015574268,-0.13818408259925452,-0.3465576816986994,-1.6189596603753438,-3.9821683460399697,-5.710617154385281,0.6959414544336233,0.25637644877427623,0.7917280923761999
114,8.835576957099882,0.024856926974193734,0.09976388055962618,-0.08956976765529315,-0.9313367593113159,-2.0267671331969086,-3.8587870648120637,-5.465410962383903,0.621339556376398,0.8176738168897222,0.7912962816287364
115,10.171013121455436,0.021009619361998213,0.08859061131986296,-0.10393154819667852,-0.5418205381586964,-1.7858427504915928,-3.6793297752285348,-9.639637947053602,0.6617551319871733,0.9658600640764684,0.7919416855064645
116,11.330844048658479,0.025162464126299636,0.09038001878611544,-0.11770018837943312,-0.5085944517437547,-1.7301678611028595,-3.8160388069974704,-4.324230849723208,0.42253315035231,0.8960673596762055,0.7917921212300114
117,10.222286939279625,0.026697797348938093,0.08547814383521696,-0.10665435908931505,-0.616916454531905,-1.7456462735763023,-4.299641850443116,-2.7390350664169887,0.48625824514349536,0.8725779463883524,0.7910538821293641
118,11.68755130356651,0.025259049258681218,0.06645477688463788,-0.11834041974701053,-0.8063857375606096,-2.015523946633278,-4.030367823439758,-5.339122512418841,0.3357353639189869,1.293803257116049,0.7903594955005679
119,12.356158531752483,0.02529268009200798,0.08896877625455477,-0.12820757621901593,-0.540137590007368,-1.7925190117444156,-3.999495054888695,-6.126112004050081,0.48870309020492636,0.9095088235037566,0.7918551802739551
120,14.027867042143743,0.024361922019507973,0.11289266881501553,-0.14701264274529818,-0.277969910428185,-1.5686590769202498,-3.984468386791118,-6.238886629215527,0.7719847341729756,-0.0021938512571365587,0.7911074970479162
121,10.269582094458011,0.02134887535846393,0.0887878542921712,-0.10510910729380596,-0.5392379015028274,-1.7817537847170255,-3.706877406050365,-9.155988589442053,0.6477222837422489,0.9585929343971135,0.7919851601795808
122,11.544794574182518,0.026473943364531502,0.08118318390974259,-0.1232663271928264,-0.2734475479941191,-1.3969401917643258,-3.7013563828927865,-4.892167493563979,0.3546347410618162,0.9076198971517845,0.7908271942242472
123,10.834760547871348,0.024550431124748827,0.08677238191357485,-0.11244262788074914,-0.5495019394493931,-1.7146300642606636,-4.051386083641425,-5.036792205235999,0.47772248922252647,0.8876612725782977,0.7917676831734141
124,15.120560538289356,0.021674959789344934,0.10183601237020534,-0.15835214490997157,-0.04583361137465636,-1.3606350284264823,-4.27362028633659,-1.6015868475715878,0.7620282890531526,0.33994246307188736,0.7907264911213843
125,16.003444275492903,0.02018975619635948,0.12448676854432855,-0.16064375194498548,-0.7452074018896978,-1.9713449600516126,-4.25403763241586,-4.666251300841175,0.548633281307944,0.5965103714441305,0.792365402687595
126,11.677179270923487,0.026933103834370326,0.08916202329796091,-0.12152366815569252,-0.4893192797877715,-1.6886132678811154,-3.2388848729260613,-3.9751867314504272,0.10678538033695711,0.9270470228104154,0.7903715996250368
127,11.851190073665807,0.022812384728765282,0.08444918282270851,-0.11719761022093518,-1.120860927407719,-2.3048540496950913,-6.108896329863368,-4.485390682529248,0.9443693224726224,1.7951737765329918,0.790407020914207
128,11.344485526777847,0.02483009156217003,0.0889686390223377,-0.11845213499858634,-0.4390748995829921,-1.6783355897291037,-3.967987925551486,-5.040609684188566,0.5785493389883605,1.1059367027060953,0.7919366740416014
129,11.95529506568505,0.024459183500563805,0.08721351717723105,-0.12328859475141722,-0.5192793583993791,-1.820275698049668,-4.2769701047286635,-4.458133886467279,0.5178722524848985,1.0348280538758796,0.7918104649111039
130,11.302176396549456,0.027698324479658778,0.1045424179984632,-0.11833589179305094,-0.6255554001539082,-1.9207569073467807,-4.210069382271092,-6.476750736049405,0.5862306819524872,0.1594103150969769,0.79102057982886
131,11.55039708779266,0.02650651640740631,0.08101100205960625,-0.12338603481341792,-0.26910475459294003,-1.3907144909258724,-3.6963871860252056,-4.900669739996469,0.35182306495587745,0.9079840751268786,0.7907985613699915
132,15.517472451672496,0.020646312659974905,0.12104567641099205,-0.15615927261094156,-0.7216418951367503,-1.9479457731416663,-4.225761043077432,-4.64129038882597,0.5447318396037806,0.6261584036943051,0.7923829078774819
133,10.385679308941489,0.024934283827347296,0.08048189849439447,-0.11125952633721498,-0.21590117235032052,-1.4432554010244214,-3.0443476852390114,-6.520079355291152,0.4422903976329725,1.5203371004140314,0.7911347166810695
134,11.687102627122503,0.02698383701766123,0.08912712473060687,-0.12163322025918781,-0.4887669986889437,-1.6874226265494428,-3.2223479927554446,-3.9651857587161374,0.09773842989853565,0.9279346663778127,0.79029957302443
135,11.408465482321104,0.02563746652923128,0.10715593211656768,-0.11795581386324525,-0.667899289796724,-1.8447355393799993,-3.7696330344456253,-4.057387768629615,0.3938852222882077,-0.09352988197997258,0.7904730812733531
136,11.68386878779835,0.02558101011204589,0.08483590994867657,-0.12047958106738879,-0.5893467977972088,-1.8523082921038627,-4.21317246340433,-3.7689033632801685,0.5589004644128305,0.8421623326219466,0.7916114391605544
137,11.96227778777185,0.02021965001897326,0.08411262221458653,-0.12232561497338817,-0.5155928376790136,-1.5885329380796556,-4.563972880925912,-5.552636767299668,0.19779191947510322,1.6898922575037105,0.7910933850685854
138,16.296662532683644,0.01694769643793296,0.06919750737617912,-0.1649193204929061,-0.37497624528591433,-1.6289528411207834,-5.413894728910223,-3.430449407879906,0.5279766857616013,1.0042294934041662,0.7903336457683445
139,13.120868090932923,0.024461961481311054,0.10569280178174885,-0.13714961186571878,-0.35459433103733795,-1.6248535412125433,-3.9818988428816198,-5.6487181241810065,0.6870312192341909,0.28667396088533514,0.7917563183954968
140,8.128232223874274,0.024912037669169926,0.10243089230347623,-0.08158887214659263,-1.0544044332128477,-2.1108136998397424,-3.82406248292938,-5.773272186510979,0.6540662018761623,0.7970994399408498,0.7907453353026727
141,8.676786221793991,0.028818872125702277,0.12054824463713645,-0.09322190521856873,-0.5656292232182031,-1.6737191097997066,-3.8273989684402916,-4.858412144399209,0.37788566042246285,0.4623688464452688,0.7908096318985655
142,14.563845680721315,0.021542217411795947,0.11429319114577365,-0.14735933949319013,-0.6753990946098082,-1.9020293435009608,-4.170273643885571,-4.592309372317794,0.537076006339319,0.6843369973368834,0.7924800430841209
143,8.778109250021577,0.024314039986916183,0.11465932656064245,-0.09325129938732435,-0.30517019816866153,-1.5657223800960571,-3.8682187647950173,-4.558569975086272,0.5560167124048232,1.0254063177553128,0.7921622474240584
144,12.007984781734452,0.026168008367105883,0.11235699643342993,-0.12581166973623079,-0.39160825640055275,-1.7396219812609066,-3.760886241905628,-10.26248110809782,0.43932688126368885,1.5333010631717212,0.7921004332379529
145,14.914491132115746,0.023993227164114443,0.0626307602255009,-0.1538077629474735,-0.36911552294414796,-1.7295869057785855,-4.177345919116401,-7.007380978396842,0.48456391625025863,0.7017678187624229,0.7904402023865549
146,14.762737058134798,0.0192877085819524,0.07571886055452655,-0.1502887958787954,-0.41708953123792114,-1.6631249297919612,-4.978353170376454,-3.7306978771862322,0.5226347922749468,0.9688434941547173,0.7912280907132672
147,11.269348633600575,0.026228896768154205,0.09783474960429085,-0.11751144716354574,-0.5714034991887958,-1.8338849817664964,-4.09676082036239,-5.47938472117698,0.5494099359274142,0.5126785597855774,0.7916363214245407
148,9.94737881116886,0.02023991183138426,0.08814310441451768,-0.10125988988030635,-0.5476800510425438,-1.795119838533863,-3.6168294241423156,-10.736946635733721,0.6935930039159772,0.9823478034137052,0.7918629553316481
149,14.759326650957027,0.021358568697765607,0.11567736198845056,-0.14916321026975957,-0.6848782617103782,-1.911441608853969,-4.181647832362959,-4.6023498377512455,0.5386453516640176,0.67241114932314,0.7924642956160795
150,11.524928055440105,0.023795209095172493,0.08776624731345922,-0.11690090918708401,-0.7997636137389723,-2.0069177230108677,-4.980732430331129,-4.451485088236748,0.7147403365225652,1.314922564088951,0.791564334116501
151,11.6850717464312,0.025325877618169877,0.08354801322033736,-0.12407468743535426,-0.20714962910733836,-1.4820011933680972,-3.941453934819643,-6.958767649943617,0.7897886639492928,1.782646938263869,0.7911491438907567
152,12.16144521960368,0.02654923302326051,0.07858346627254117,-0.12456376800601962,-0.669474879956707,-1.9698391121043382,-4.464655640278625,-3.0755137929372287,0.610503461106869,0.7940279722591255,0.7911234166258314
153,11.575592735082653,0.02258430710068778,0.08762272540006562,-0.11930293176158129,-0.5147226928045908,-1.669929853333184,-4.2518544950595505,-4.951516001522827,0.36386517413441044,1.2635238016822483,0.7918203941287598
154,10.597945255092192,0.024438540099010156,0.05413850067885858,-0.11014637977325237,-0.46976540215525714,-1.6850961110656846,-3.984084806428974,-4.670191416412685,0.5980192236253724,1.1340652542439322,0.7905984376755293
155,14.619057740022626,0.024047561118944166,0.06488570719556382,-0.15082362362767554,-0.38074346869665604,-1.7305613601968728,-4.16122610668314,-6.799766984689494,0.48663388424393395,0.71667477538667,0.790600101638472
156,13.848983286416944,0.02438165240023209,0.11147266799370788,-0.14506739682828393,-0.29308223676622236,-1.5797420851312753,-3.983961605979054,-6.122490068280907,0.7552296940550626,0.05477838567394899,0.7912648425171351
157,13.105007503011223,0.02412287556979901,0.08162225927589789,-0.13389892269618767,-0.5277719941262703,-1.9455730056590255,-4.75616597639377,-4.516878864228554,0.5298746083404492,1.2699102155955075,0.7913067464242199
158,12.012003530808512,0.02827517874568288,0.09674430926167761,-0.12706503005751763,-0.4396294994831574,-1.677311055690052,-3.9300558839615185,-5.617487165259924,0.43159766803761546,0.9283123941489655,0.7914456388581819
159,11.519000358454118,0.02632397566242277,0.08197591661795822,-0.1227151881131791,-0.293441957226989,-1.4256035885291025,-3.7242347808617393,-4.853022782115399,0.36757981983926147,0.9059432059544428,0.7909812201506193
160,10.258999434044162,0.024378191861943396,0.08108856748209328,-0.10640190760717487,-0.6006984878585034,-1.675606496952997,-4.159162581979717,-5.923252591373161,0.4307335810585966,0.8879635339990678,0.7913581831108432
161,10.304753179201946,0.024959477922044192,0.07950594695830471,-0.11074687191952456,-0.18748560913948342,-1.4148002297351097,-2.955473896904973,-6.720170042863278,0.43580201301086996,1.5806744961740022,0.7909833204530706
162,11.285164657668261,0.024951684557089605,0.09550431579396672,-0.11702083176736257,-0.5587748068742701,-1.7717156206342035,-3.916311149740599,-4.315353891054751,0.4764406288636308,0.6018464169444147,0.7918398948096973
163,12.000869558913644,0.02622368715610162,0.08068572720369291,-0.1231905406596958,-0.6425333919022215,-1.9303216907741512,-4.380099379563734,-3.308652367117923,0.5931529707227277,0.8102122020544159,0.7913491580905566
164,11.58395426246002,0.02253317467440428,0.0875468242922292,-0.11936829308927405,-0.514741508479361,-1.6681697580551476,-4.25860362179784,-4.96451440346568,0.3602740705843115,1.272743427554528,0.7918023058259374
165,15.167935128002792,0.026853597055947455,0.08458181584518865,-0.1572137718867779,-0.6057730099415671,-1.9198524454784744,-4.057002920232813,-10.39981073153777,0.43444300949658765,0.9648035257777084,0.7914005449941063
166,11.430730176825893,0.024612626506480814,0.08976457036616296,-0.11844755335844895,-0.5154045299017779,-1.7631078653755161,-4.058333408281011,-4.431331051488785,0.5123960879580042,0.9275700613277464,0.7919065136009888
167,12.40566020495887,0.030100554225223394,0.09979518303040708,-0.13234507695744283,-0.40199667533603056,-1.6446968434050742,-3.906512407042497,-6.223141581208443,0.3917246534784354,0.9490012605655173,0.791043336828609
168,10.443364483457396,0.021947001886163903,0.08913560423718019,-0.10718520717430689,-0.5346845744841658,-1.7745447186265983,-3.75544535750265,-8.303288817460496,0.6229816192290352,0.9457805947898659,0.7920333010674948
169,11.654258393827629,0.02681592079090084,0.08924263168858389,-0.12127062571614533,-0.4905949336023525,-1.6913634003041973,-3.2770816070084843,-3.9982868865072394,0.12768194344849193,0.9249967518430964,0.7905134644784758
170,11.472276196810244,0.025173840251512182,0.07633145929082796,-0.11998773028354412,-0.45414167837871805,-1.64525798607628,-3.781822972676572,-4.135531607684478,0.473707225980104,0.9768404901758772,0.7914666793487899
171,11.640613698022744,0.02526116072942456,0.08425558866057305,-0.12334075372347693,-0.2374237397640928,-1.507629488331255,-3.944917520180279,-6.708383004952987,0.7622147704886546,1.6943133103163066,0.7913107378746473
172,7.124593626986396,0.024074414690930683,0.13077473170930137,-0.07750951966629585,-0.16462819180816024,-1.4472476600887079,-3.795293204593627,-4.650968327356227,0.5867583948018315,1.118269600167413,0.791822087127926
173,14.024026649535534,0.02415699489748263,0.06942738593093312,-0.14481328180048722,-0.4041632628919541,-1.7325240045379044,-4.128759263640607,-6.381612556712293,0.49080299763976104,0.7466988108998045,0.7908507132843678
174,15.27386235869719,0.02691240102068585,0.0844165471791285,-0.15830651374369,-0.608245673764988,-1.924649440384911,-4.059169397088469,-10.560812523653347,0.43239888547394917,0.9668866267935438,0.7913836141594554
175,12.879073813933822,0.024488630717581766,0.10377340965734275,-0.1345202544476542,-0.375021417923085,-1.639834264009155,-3.9812138354612863,-5.49138677689338,0.6643837027230262,0.3636824113273762,0.7918593198091228
176,8.77556403079851,0.024861602705781086,0.09999015661953156,-0.08889264818080468,-0.9417781337883037,-2.033897857683707,-3.8558409429630065,-5.491530691685254,0.6241161682209682,0.8159282344183595,0.7912464972905664
177,8.80263291473895,0.029389075845905607,0.10512162880494402,-0.09494352290487995,-0.5363632629709759,-1.672465170991745,-3.9346293065822002,-4.009623980047613,0.4296915860122213,0.759785382621735,0.790726303603579
178,10.007309104749753,0.020446180709483668,0.08826302885805543,-0.10197585008778141,-0.5461097985758265,-1.7926337324920982,-3.633578483732975,-10.442886069726688,0.6850609812167816,0.9779293621749725,0.7918381176523149
179,11.609355734683959,0.026849302282236493,0.0791990280761827,-0.12464579067122666,-0.22340290708676214,-1.32519766706296,-3.644093315124346,-4.9901440331581375,0.322234092891145,0.9118165407188044,0.7903172718671952
180,12.942383894355604,0.023353731464042352,0.095604644537065,-0.13497014108937486,-0.30822206367057364,-1.574241021064775,-4.10711107586672,-3.182077273454878,0.620957979123083,0.6468286007687379,0.79198807433928
181,8.668598777359364,0.028832152812463336,0.12064373032864364,-0.09314695289503803,-0.5657946344234496,-1.6735014198732017,-3.8269215130365404,-4.859811344267107,0.37746164238849167,0.46100813548302616,0.7908051225730404
182,10.010555371189215,0.025051068208877446,0.07595798533492631,-0.10888317466328412,-0.08418403723704643,-1.311354667135178,-2.632383273371977,-7.447577147057402,0.412214223263483,1.8000242862963174,0.790298770969002
183,8.446044189057186,0.024265917557651187,0.11789568122134443,-0.090089977552978,-0.2769460379248705,-1.5419298530863856,-3.8535735868137615,-4.577125750460932,0.5621903696095687,1.0440554621032347,0.7921354543892289
184,12.581760625422506,0.02453723143155698,0.06045310832330009,-0.129398533510637,-0.5806254559744111,-1.7866798238378736,-4.025014612322758,-5.041851357456157,0.5462926387751389,0.7232002275199197,0.7907841717668972
185,14.218802685052456,0.02412117310954457,0.06794072381729034,-0.14678069253233764,-0.3964970842016134,-1.731881557294412,-4.139386881381385,-6.518490214060538,0.48943829016171153,0.736870815857259,0.7908042116317738
186,12.337809030580225,0.025282493632573615,0.08899740531963547,-0.1280182833635927,-0.5397092568259099,-1.7916880406798288,-3.9991197616865417,-6.0982220785437375,0.4890571885411494,0.909147973283455,0.7918552890661283
187,13.345404352232801,0.024437195756159564,0.10747519769670294,-0.1395912994507296,-0.33562522318458854,-1.6109420643568126,-3.982534958041306,-5.794819979624705,0.7080622740145445,0.2151619724075553,0.7916310645099229
188,9.936199324689598,0.020201434126704353,0.08812073352969513,-0.10112633359369189,-0.5479729682830875,-1.795583600468257,-3.6137050295490973,-10.791801132939252,0.6951845801741121,0.9831720260419686,0.7918525493111012
189,10.098457274595338,0.024330165584117335,0.07950372296789673,-0.10471754537075795,-0.6149738604749178,-1.6647253734896128,-4.189214406192102,-6.170428479495074,0.41763144441613487,0.8880478149622019,0.7912069669542631
190,15.846762482653077,0.020336954205886028,0.12337732874071891,-0.15919791449611043,-0.7376096654238176,-1.9638008466352777,-4.244920999525272,-4.658203672864075,0.5473754205618967,0.6060691701633895,0.7923561766148765
191,15.396832841540682,0.026969009438354383,0.12022471623967755,-0.15580470278948283,-0.9875483918041614,-2.2707128440073614,-4.492904814498176,-3.6176272402780203,0.5657241143243528,0.7236260603174307,0.7919583649904507
192,12.007421830801269,0.026166918082727943,0.1123412474248741,-0.12580499197967118,-0.39169730447352,-1.739623511815826,-3.76104321247891,-10.258229711033518,0.4393785725866448,1.5328309928236443,0.7921007117983689
193,13.086006217649684,0.025697844440858993,0.08783006099987489,-0.13573666114464178,-0.5571744553884053,-1.8255707172291553,-4.01442226585498,-7.235428132023511,0.4746189007304181,0.9238615677974664,0.7917347152578075
194,7.870506429456101,0.024932117620112024,0.10340263590757519,-0.0786809793775448,-1.0992449650407043,-2.1414366297050256,-3.8114103487843463,-5.885443486913373,0.665990374509223,0.7896030278029853,0.7905128764481152
195,15.33353372447408,0.021510816374352346,0.10244528998109384,-0.16063834142547614,-0.020178343763936624,-1.339749509813002,-4.289900874589904,-1.4470529704995596,0.7758215658590288,0.3099363941319564,0.7904637643921868
196,10.75889578400998,0.02544152461667693,0.09626573830300977,-0.11228266964892036,-0.5235642962571436,-1.7290787865820936,-3.948818352671825,-4.502588364749664,0.48571564450755017,0.808404697866225,0.7919070401401209
197,7.780172405687482,0.024169420299971923,0.12438536502993539,-0.0837507529394782,-0.22034968340005318,-1.4942200086818236,-3.824206417766154,-4.614334625145455,0.5745700644829117,1.0814515644489788,0.7920169291333157
198,12.203625937443094,0.024574501770733895,0.06894789043138126,-0.1258166513198641,-0.561912847503117,-1.774062139266001,-4.011413201518676,-4.8676803467968215,0.5362038546313562,0.769301261102909,0.7911759087323498
199,11.539797065967957,0.022803204836286603,0.08794765777412984,-0.11902312014918993,-0.5146421429674819,-1.677464814990247,-4.222961507375164,-4.895869888801176,0.37923867572502756,1.2240546159472716,0.791853875751361
